theme,dataset_or_layer,source_current,geometry_crs,current_semantics_or_legal_status,proposed_future_role,automatic_exclusion_approved,methodological_question,limitations
PGRA - pericolosita,sigma:Pericolo_direttiva_alluvioni,Autorita di Bacino Distrettuale Alpi Orientali / SIGMA,Polygon/MultiPolygon - EPSG:3035,"Live WFS con PDESCRIPT; quadro PGRA aggiornato vigente dal 22-01-2026",ADMISSIBILITY_CHECK / TO_DECIDE,NO,Q-METH-3.4-A,"Binding machine-readable WFS <-> Delibera 12/2025 non esplicito"
PGRA - rischio,sigma:Rischio,Autorita di Bacino Distrettuale Alpi Orientali / SIGMA,Polygon/MultiPolygon - EPSG:3035,"Live WFS con RISKCLASS/RCDESCRIPT; quadro PGRA aggiornato vigente dal 22-01-2026",ADMISSIBILITY_CHECK / TO_DECIDE,NO,Q-METH-3.4-A,"Rischio non equivale automaticamente a inedificabilita; binding di versione non esplicito"
PGRA - aree allagabili,PGRA2027 map set TR30/TR100/TR300,Autorita di Bacino Distrettuale Alpi Orientali / SIGMA,Cartografia ufficiale indicizzata,"Mappe altezze idriche correnti in salvaguardia",ADMISSIBILITY_CHECK / TO_DECIDE,NO,Q-METH-3.4-A,"Vettore corrente versionato non promosso in Chat 3.4"
Frane - pericolosita,IRDAT:CATFRANE_PERICOLOSITA,Regione Autonoma FVG / IRDAT,Polygon + GeometryCollection - EPSG:3004,"830 geometrie; P1=2 P2=39 P3=349 P4=440; pericolosita distinta dal catasto complessivo",ADMISSIBILITY_CHECK,NO,Q-METH-3.4-B,"Effetto urbanistico dipende dalla disciplina cogente applicabile/PAI; nessuna classe esclusa automaticamente"
Frane - perimetri,IRDAT:CATFRANE_PERIMFRANE,Regione Autonoma FVG / IRDAT,Polygon + GeometryCollection - EPSG:3004,"4989 perimetri franosi; inventario distinto dal layer di pericolosita",CONTEXT_ONLY / TO_DECIDE,NO,Q-METH-3.4-B,"Perimetro inventariale non equivale da solo a vincolo/esclusione"
Natura 2000 - ZSC/SIC/pSIC,SITI_PROT:SIC,Regione Autonoma FVG / IRDAT,MultiPolygon - EPSG:6708,"66 feature; typename SIC tecnico/legacy; TIPO_SITO distingue ZSC/SIC/pSIC e relazioni con ZPS",ADMISSIBILITY_CHECK,NO,Q-METH-3.4-C,"Applicare stato legale e misure correnti del singolo sito; non usare il typename come designazione"
Natura 2000 - ZPS,SITI_PROT:ZPS,Regione Autonoma FVG / IRDAT,MultiPolygon - EPSG:6708,"35 feature; 29 codici coincidono con ZSC nel layer tecnico SIC",ADMISSIBILITY_CHECK,NO,Q-METH-3.4-C,"VINCA/misure di conservazione anche per possibili interferenze funzionali esterne"
Parchi naturali regionali,SITI_PROT:PARCHI_NATURALI_REG,Regione Autonoma FVG / IRDAT,Polygon - EPSG:6708,"2 parchi regionali; perimetri e riferimenti PCS disponibili",ADMISSIBILITY_CHECK / TO_DECIDE,NO,Q-METH-3.4-D,"Verificare PCS/regolamento e disciplina specifica"
Riserve naturali regionali,SITI_PROT:RISERVE_NATURALI_REG,Regione Autonoma FVG / IRDAT,Polygon/MultiPolygon - EPSG:6708,"13 riserve; STATO_PERIMETRO 6 definitivo / 7 provvisorio",ADMISSIBILITY_CHECK / TO_DECIDE,NO,Q-METH-3.4-D,"Distinguere perimetri provvisori/definitivi e atti specifici"
Aree naturali protette statali,SITI_PROT:RIS_NATURALI_STATALI,Regione Autonoma FVG / IRDAT,Polygon - EPSG:6708,"3 aree: due riserve statali + area marina protetta Miramare",ADMISSIBILITY_CHECK / TO_DECIDE,NO,Q-METH-3.4-D,"Disciplina statale/specifica prevale sul solo layer GIS"
Biotopi - WFS,SITI_PROT:BIOTOPI,Regione Autonoma FVG / IRDAT,Polygon/MultiPolygon - EPSG:6708,"40 geometrie WFS; testo riepilogativo regionale ancora 40, ma tabella istituzionale e atti vigenti includono 42",ADMISSIBILITY_CHECK / TO_DECIDE,NO,Q-METH-3.4-D,"Pubblicazione regionale internamente disallineata; WFS incompleto per due biotopi istituiti il 09-06-2026; ISS-0011"
Biotopi - Monte Joanaz,DPReg 065/2026 + Allegato 2,Regione Autonoma FVG / Decreti,Cartografia legale PDF,"Biotopo istituito 09-06-2026; non presente nel WFS verificato",ADMISSIBILITY_CHECK / TO_DECIDE,NO,Q-METH-3.4-D,"Geometria vettoriale ufficiale aggiornata non reperita; nessuna digitizzazione implicita"
Biotopi - Prati di Spignon/Varh e Monte Craguenza/Kraguojnca,DPReg 066/2026 + Allegato 2,Regione Autonoma FVG / Decreti,Cartografia legale PDF,"Biotopo istituito 09-06-2026; non presente nel WFS verificato",ADMISSIBILITY_CHECK / TO_DECIDE,NO,Q-METH-3.4-D,"Geometria vettoriale ufficiale aggiornata non reperita; nessuna digitizzazione implicita"
Parchi comunali/intercomunali,SITI_PROT:PARCHI_COMUNALI_RAFVG,Regione Autonoma FVG / IRDAT,Polygon/MultiPolygon - EPSG:6708,"18 parchi; funzione anche nella rete ecologica locale",ADMISSIBILITY_CHECK / TO_DECIDE,NO,Q-METH-3.4-D,"Disciplina e regolamentazione comunale/sovracomunale da verificare"
Prati stabili,SITI_PROT:PRATISTABILI,Regione Autonoma FVG / IRDAT,Polygon/MultiPolygon - EPSG:6708,"10486 geometrie; PRATO_TUTELATO Si=8097 No=2389; DATA_AGG max 2025-07-29",ADMISSIBILITY_CHECK,NO,Q-METH-3.4-D,"Applicare tutela solo secondo stato legale/attributi correnti; regola operativa da approvare"
PPR - beni art. 136,PPR:v_paesaggi_delimitazione_art_136,Regione Autonoma FVG / PPR WFS,Shapefile ZIP - EPSG:6708,"50 feature; componente statutaria collegata a beni paesaggistici art. 136",ADMISSIBILITY_CHECK / TO_DECIDE,NO,Q-METH-3.4-E,"Verificare prescrizioni/atti specifici; intersezione non tradotta automaticamente in esclusione"
PPR - corsi d'acqua art. 142,PPR:v_corsi_acqua_aree_tutelate,Regione Autonoma FVG / PPR WFS,Shapefile ZIP - EPSG:6708,"974 feature; aree tutelate per legge",ADMISSIBILITY_CHECK / TO_DECIDE,NO,Q-METH-3.4-E,"Disciplina specifica e aggiornamenti Variante 2/2025"
PPR - laghi art. 142,PPR:v_laghi_aree_tutelate,Regione Autonoma FVG / PPR WFS,Shapefile ZIP - EPSG:6708,"151 feature; aree tutelate per legge",ADMISSIBILITY_CHECK / TO_DECIDE,NO,Q-METH-3.4-E,"Disciplina specifica da applicare"
PPR - battigia marittima,PPR:v_fascia_rispetto_battigia_marittima,Regione Autonoma FVG / PPR WFS,Shapefile ZIP - EPSG:6708,"1 feature regionale",ADMISSIBILITY_CHECK / TO_DECIDE,NO,Q-METH-3.4-E,"Ruolo dipende dalla disciplina ex art. 142 e dalla specifica trasformazione"
PPR - battigia lagunare,PPR:v_fascia_rispetto_battigia_lagunare,Regione Autonoma FVG / PPR WFS,Shapefile ZIP - EPSG:6708,"1 feature regionale",ADMISSIBILITY_CHECK / TO_DECIDE,NO,Q-METH-3.4-E,"Ruolo dipende dalla disciplina ex art. 142 e dalla specifica trasformazione"
PPR - montagne oltre 1600 m,PPR:v_montagne_oltre_1600_m,Regione Autonoma FVG / PPR WFS,Shapefile ZIP - EPSG:6708,"316 feature",ADMISSIBILITY_CHECK / TO_DECIDE,NO,Q-METH-3.4-E,"Verificare disciplina art. 142"
PPR - ghiacciai,PPR:v_ghiacciai,Regione Autonoma FVG / PPR WFS,Shapefile ZIP - EPSG:6708,"28 feature",ADMISSIBILITY_CHECK / TO_DECIDE,NO,Q-METH-3.4-E,"Verificare disciplina art. 142"
PPR - boschi,PPR:v_territori_coperti_da_foreste_e_boschi,Regione Autonoma FVG / PPR WFS,Shapefile ZIP - EPSG:6708,"18602 feature; materializzazione verificata",ADMISSIBILITY_CHECK / TO_DECIDE,NO,Q-METH-3.4-E,"Non confondere tutela paesaggistica con divieto assoluto"
PPR - parchi e riserve,PPR:v_parchi_e_riserve_naturali_nazionali_o_regionali,Regione Autonoma FVG / PPR WFS,Shapefile ZIP - EPSG:6708,"18 feature PPR",ADMISSIBILITY_CHECK / TO_DECIDE,NO,Q-METH-3.4-E,"Sovrapposizione con disciplina naturalistica; evitare doppio conteggio logico"
PPR - aree umide,PPR:v_aree_umide,Regione Autonoma FVG / PPR WFS,Shapefile ZIP - EPSG:6708,"3 feature",ADMISSIBILITY_CHECK / TO_DECIDE,NO,Q-METH-3.4-E,"Coordinare con Ramsar/altre tutele"
PPR - usi civici,PPR:v_usi_civici,Regione Autonoma FVG / PPR WFS,Shapefile ZIP - EPSG:6708,"13477 feature; materializzazione verificata",ADMISSIBILITY_CHECK / TO_DECIDE,NO,Q-METH-3.4-E,"Regime giuridico specifico; non automatizzare esclusione"
PPR - zone interesse archeologico,PPR:v_zone_interesse_archeologico,Regione Autonoma FVG / PPR WFS,Shapefile ZIP - EPSG:6708,"1534 feature",ADMISSIBILITY_CHECK / TO_DECIDE,NO,Q-METH-3.4-E,"Verificare disciplina specifica e atti"
PPR - ulteriori contesti archeologici,PPR:v_ulteriori_contesti_archeologici,Regione Autonoma FVG / PPR WFS,Shapefile ZIP - EPSG:6708,"3578 feature",ADMISSIBILITY_CHECK / TO_DECIDE,NO,Q-METH-3.4-E,"Ulteriore contesto PPR; prescrizione specifica da ricondurre alle NTA"
PPR - immobili interesse storico/artistico/architettonico,PPR:v_uc_immobili_int_storico_artistico_architettonico,Regione Autonoma FVG / PPR WFS,Shapefile ZIP - EPSG:6708,"3311 feature",ADMISSIBILITY_CHECK / CONTEXT_ONLY / TO_DECIDE,NO,Q-METH-3.4-E,"Perimetro/valore legale da verificare sull'atto quando richiesto; non assumere il solo GIS come prova definitiva"
PPR - ulteriori contesti immobili decretati,PPR:v_ulteriori_contesti_immobili_decretati,Regione Autonoma FVG / PPR WFS,Shapefile ZIP - EPSG:6708,"73 feature",ADMISSIBILITY_CHECK / TO_DECIDE,NO,Q-METH-3.4-E,"Consultare atto/decreto e prescrizioni specifiche"
