istat_code,comune,sigla_provincia,eagle_probe_status,eagle_config,eagle_project,eagle_plan_codes,eagle_ambiti,source_candidate,source_format_access,access_status,cer_D_count,cer_D_latest_data_val,cer_D_variants,cer_H_count,cer_H_latest_data_val,cer_H_variants,current_prgc_date_or_variant,current_prgc_source,current_prgc_validation_status,sample_comparison_result,quality_note
030001,Aiello del Friuli,UD,NOT_DETECTED_BY_STANDARD_PROBE,,,,,Official municipal/Regional source to locate,TO_VERIFY,STANDARD_CONFIG_NOT_DETECTED_NOT_A_NEGATIVE_PROOF,14,20150820,22,11,20150820,22,,,TO_VERIFY_MUNICIPAL_CURRENTNESS,,"Eagle probe proves public configuration only; CER dates/variants are source attributes, not proof of 2026 currentness."
030002,Amaro,UD,PUBLIC_CONFIG_DETECTED,Guest_PRGAmaro,Guest_PRGAmaro,A254,AMB_007,EagleFVG PRG public configuration,Public WebGIS configuration; vector services behind application,PUBLIC_CONFIG_DETECTED,8,20171026,46,2,20171026,46,,,TO_VERIFY_MUNICIPAL_CURRENTNESS,,"Eagle probe proves public configuration only; CER dates/variants are source attributes, not proof of 2026 currentness."
030003,Ampezzo,UD,PUBLIC_CONFIG_DETECTED,Guest_PRGAmpezzo,Guest_PRGAmpezzo,A267,AMB_008,EagleFVG PRG public configuration,Public WebGIS configuration; vector services behind application,PUBLIC_CONFIG_DETECTED,8,20161110,11,0,,,,,TO_VERIFY_MUNICIPAL_CURRENTNESS,,"Eagle probe proves public configuration only; CER dates/variants are source attributes, not proof of 2026 currentness."
030004,Aquileia,UD,NOT_DETECTED_BY_STANDARD_PROBE,,,,,Official municipal/Regional source to locate,TO_VERIFY,STANDARD_CONFIG_NOT_DETECTED_NOT_A_NEGATIVE_PROOF,15,20170803,22,0,,,,,TO_VERIFY_MUNICIPAL_CURRENTNESS,,"Eagle probe proves public configuration only; CER dates/variants are source attributes, not proof of 2026 currentness."
030005,Arta Terme,UD,PUBLIC_CONFIG_DETECTED,Guest_PRGArtaTerme,Guest_PRGArtaTerme,C918,AMB_071,EagleFVG PRG public configuration,Public WebGIS configuration; vector services behind application,PUBLIC_CONFIG_DETECTED,3,20151029,22,1,20151029,22,,,TO_VERIFY_MUNICIPAL_CURRENTNESS,,"Eagle probe proves public configuration only; CER dates/variants are source attributes, not proof of 2026 currentness."
030006,Artegna,UD,PUBLIC_CONFIG_DETECTED,Guest_PRGArtegna,Guest_PRGArtegna,A448,AMB_013,EagleFVG PRG public configuration,Public WebGIS configuration; vector services behind application,PUBLIC_CONFIG_DETECTED,20,20170406,15,5,20170406,15,,,TO_VERIFY_MUNICIPAL_CURRENTNESS,,"Eagle probe proves public configuration only; CER dates/variants are source attributes, not proof of 2026 currentness."
030007,Attimis,UD,PUBLIC_CONFIG_DETECTED,Guest_PRGAttimis,Guest_PRGAttimis,A491,AMB_015,EagleFVG PRG public configuration,Public WebGIS configuration; vector services behind application,PUBLIC_CONFIG_DETECTED,6,20140220,15,10,20140220,15,,,TO_VERIFY_MUNICIPAL_CURRENTNESS,,"Eagle probe proves public configuration only; CER dates/variants are source attributes, not proof of 2026 currentness."
030008,Bagnaria Arsa,UD,NOT_DETECTED_BY_STANDARD_PROBE,,,,,Official municipal/Regional source to locate,TO_VERIFY,STANDARD_CONFIG_NOT_DETECTED_NOT_A_NEGATIVE_PROOF,14,20171130,30,11,20171130,30,,,TO_VERIFY_MUNICIPAL_CURRENTNESS,,"Eagle probe proves public configuration only; CER dates/variants are source attributes, not proof of 2026 currentness."
030009,Basiliano,UD,PUBLIC_CONFIG_DETECTED,Guest_PRGBasiliano,Guest_PRGBasiliano,A700,AMB_020,EagleFVG PRG public configuration,Public WebGIS configuration; vector services behind application,PUBLIC_CONFIG_DETECTED,23,20170601,34,13,20170601,34,,,TO_VERIFY_MUNICIPAL_CURRENTNESS,,"Eagle probe proves public configuration only; CER dates/variants are source attributes, not proof of 2026 currentness."
030010,Bertiolo,UD,PUBLIC_CONFIG_DETECTED,Guest_PRGBertiolo,Guest_PRGBertiolo,A810,AMB_021,EagleFVG PRG public configuration,Public WebGIS configuration; vector services behind application,PUBLIC_CONFIG_DETECTED,25,20160616,30,8,20160616,30,,,TO_VERIFY_MUNICIPAL_CURRENTNESS,,"Eagle probe proves public configuration only; CER dates/variants are source attributes, not proof of 2026 currentness."
030011,Bicinicco,UD,NOT_DETECTED_BY_STANDARD_PROBE,,,,,Official municipal/Regional source to locate,TO_VERIFY,STANDARD_CONFIG_NOT_DETECTED_NOT_A_NEGATIVE_PROOF,24,20160929,16,1,20160929,16,,,TO_VERIFY_MUNICIPAL_CURRENTNESS,,"Eagle probe proves public configuration only; CER dates/variants are source attributes, not proof of 2026 currentness."
030012,Bordano,UD,PUBLIC_CONFIG_DETECTED,Guest_PRGBordano,Guest_PRGBordano,A983,AMB_023,EagleFVG PRG public configuration,Public WebGIS configuration; vector services behind application,PUBLIC_CONFIG_DETECTED,1,20171019,8,0,,,,,TO_VERIFY_MUNICIPAL_CURRENTNESS,,"Eagle probe proves public configuration only; CER dates/variants are source attributes, not proof of 2026 currentness."
030013,Buja,UD,NOT_DETECTED_BY_STANDARD_PROBE,,,,,Official municipal/Regional source to locate,TO_VERIFY,STANDARD_CONFIG_NOT_DETECTED_NOT_A_NEGATIVE_PROOF,43,20141211,39,5,20141211,39,,,TO_VERIFY_MUNICIPAL_CURRENTNESS,,"Eagle probe proves public configuration only; CER dates/variants are source attributes, not proof of 2026 currentness."
030014,Buttrio,UD,PUBLIC_CONFIG_DETECTED,Guest_PRGButtrio,Guest_PRGButtrio,B309,AMB_027,EagleFVG PRG public configuration,Public WebGIS configuration; vector services behind application,PUBLIC_CONFIG_DETECTED,18,20161215,40,5,20161215,40,,,TO_VERIFY_MUNICIPAL_CURRENTNESS,,"Eagle probe proves public configuration only; CER dates/variants are source attributes, not proof of 2026 currentness."
030015,Camino al Tagliamento,UD,PUBLIC_CONFIG_DETECTED,Guest_PRGCaminoAlTagliamento,Guest_PRGCaminoAlTagliamento,B483,AMB_028,EagleFVG PRG public configuration,Public WebGIS configuration; vector services behind application,PUBLIC_CONFIG_DETECTED,15,20170413,45,0,,,,,TO_VERIFY_MUNICIPAL_CURRENTNESS,,"Eagle probe proves public configuration only; CER dates/variants are source attributes, not proof of 2026 currentness."
030016,Campoformido,UD,PUBLIC_CONFIG_DETECTED,Guest_PRGCampoformido,Guest_PRGCampoformido,B536,AMB_001,EagleFVG PRG public configuration,Public WebGIS configuration; vector services behind application,PUBLIC_CONFIG_DETECTED,54,20170323,76,23,20170323,76,,,TO_VERIFY_MUNICIPAL_CURRENTNESS,,"Eagle probe proves public configuration only; CER dates/variants are source attributes, not proof of 2026 currentness."
030018,Carlino,UD,PUBLIC_CONFIG_DETECTED,Guest_PRGCarlino,Guest_PRGCarlino,B788,AMB_005,EagleFVG PRG public configuration,Public WebGIS configuration; vector services behind application,PUBLIC_CONFIG_DETECTED,10,20161208,28,7,20161208,28,,,TO_VERIFY_MUNICIPAL_CURRENTNESS,,"Eagle probe proves public configuration only; CER dates/variants are source attributes, not proof of 2026 currentness."
030019,Cassacco,UD,NOT_DETECTED_BY_STANDARD_PROBE,,,,,Official municipal/Regional source to locate,TO_VERIFY,STANDARD_CONFIG_NOT_DETECTED_NOT_A_NEGATIVE_PROOF,29,20150723,45,26,20150723,45,,,TO_VERIFY_MUNICIPAL_CURRENTNESS,,"Eagle probe proves public configuration only; CER dates/variants are source attributes, not proof of 2026 currentness."
030020,Castions di Strada,UD,PUBLIC_CONFIG_DETECTED,Guest_PRGCastionsDiStrada,Guest_PRGCastionsDiStrada,C327,AMB_057,EagleFVG PRG public configuration,Public WebGIS configuration; vector services behind application,PUBLIC_CONFIG_DETECTED,18,20170810,12,10,20170810,12,,,TO_VERIFY_MUNICIPAL_CURRENTNESS,,"Eagle probe proves public configuration only; CER dates/variants are source attributes, not proof of 2026 currentness."
030021,Cavazzo Carnico,UD,PUBLIC_CONFIG_DETECTED,Guest_PRGCavazzoCarnico,Guest_PRGCavazzoCarnico,C389,AMB_059,EagleFVG PRG public configuration,Public WebGIS configuration; vector services behind application,PUBLIC_CONFIG_DETECTED,3,,34,0,,,,,TO_VERIFY_MUNICIPAL_CURRENTNESS,,"Eagle probe proves public configuration only; CER dates/variants are source attributes, not proof of 2026 currentness."
030022,Cercivento,UD,PUBLIC_CONFIG_DETECTED,Guest_PRGCercivento,Guest_PRGCercivento,C494,AMB_060,EagleFVG PRG public configuration,Public WebGIS configuration; vector services behind application,PUBLIC_CONFIG_DETECTED,3,,2009,0,,,,,TO_VERIFY_MUNICIPAL_CURRENTNESS,,"Eagle probe proves public configuration only; CER dates/variants are source attributes, not proof of 2026 currentness."
030023,Cervignano del Friuli,UD,PUBLIC_CONFIG_DETECTED,Guest_PRGCervignanoDelFriuli,Guest_PRGCervignanoDelFriuli,C556,AMB_029,EagleFVG PRG public configuration,Public WebGIS configuration; vector services behind application,PUBLIC_CONFIG_DETECTED,26,20170427,88,15,20170427,88,,,TO_VERIFY_MUNICIPAL_CURRENTNESS,,"Eagle probe proves public configuration only; CER dates/variants are source attributes, not proof of 2026 currentness."
030024,Chiopris-Viscone,UD,PUBLIC_CONFIG_DETECTED,Guest_PRGChioprisViscone,Guest_PRGChioprisViscone,C641,AMB_031,EagleFVG PRG public configuration,Public WebGIS configuration; vector services behind application,PUBLIC_CONFIG_DETECTED,14,20130815,27,3,20130815,27,,,TO_VERIFY_MUNICIPAL_CURRENTNESS,,"Eagle probe proves public configuration only; CER dates/variants are source attributes, not proof of 2026 currentness."
030025,Chiusaforte,UD,NOT_DETECTED_BY_STANDARD_PROBE,,,,,Official municipal/Regional source to locate,TO_VERIFY,STANDARD_CONFIG_NOT_DETECTED_NOT_A_NEGATIVE_PROOF,1,20131024,35,0,,,,,TO_VERIFY_MUNICIPAL_CURRENTNESS,,"Eagle probe proves public configuration only; CER dates/variants are source attributes, not proof of 2026 currentness."
030026,Cividale del Friuli,UD,PUBLIC_CONFIG_DETECTED,Guest_PRGCividaleDelFriuli,Guest_PRGCividaleDelFriuli,C758,AMB_034,EagleFVG PRG public configuration,Public WebGIS configuration; vector services behind application,PUBLIC_CONFIG_DETECTED,6,20170406,15,2,20170406,15,,,TO_VERIFY_MUNICIPAL_CURRENTNESS,,"Eagle probe proves public configuration only; CER dates/variants are source attributes, not proof of 2026 currentness."
030027,Codroipo,UD,PUBLIC_CONFIG_DETECTED,Guest_PRGCodroipo,Guest_PRGCodroipo,C817,AMB_037,EagleFVG PRG public configuration,Public WebGIS configuration; vector services behind application,PUBLIC_CONFIG_DETECTED,65,20171214,73,56,20171214,73,,,TO_VERIFY_MUNICIPAL_CURRENTNESS,,"Eagle probe proves public configuration only; CER dates/variants are source attributes, not proof of 2026 currentness."
030028,Colloredo di Monte Albano,UD,NOT_DETECTED_BY_STANDARD_PROBE,,,,,Official municipal/Regional source to locate,TO_VERIFY,STANDARD_CONFIG_NOT_DETECTED_NOT_A_NEGATIVE_PROOF,5,20161222,19,0,,,,,TO_VERIFY_MUNICIPAL_CURRENTNESS,,"Eagle probe proves public configuration only; CER dates/variants are source attributes, not proof of 2026 currentness."
030029,Comeglians,UD,PUBLIC_CONFIG_DETECTED,Guest_PRGComeglians,Guest_PRGComeglians,C918,AMB_071,EagleFVG PRG public configuration,Public WebGIS configuration; vector services behind application,PUBLIC_CONFIG_DETECTED,9,20170615,15,2,20170615,15,,,TO_VERIFY_MUNICIPAL_CURRENTNESS,,"Eagle probe proves public configuration only; CER dates/variants are source attributes, not proof of 2026 currentness."
030030,Corno di Rosazzo,UD,NOT_DETECTED_BY_STANDARD_PROBE,,,,,Official municipal/Regional source to locate,TO_VERIFY,STANDARD_CONFIG_NOT_DETECTED_NOT_A_NEGATIVE_PROOF,20,20151105,26,5,20151105,26,,,TO_VERIFY_MUNICIPAL_CURRENTNESS,,"Eagle probe proves public configuration only; CER dates/variants are source attributes, not proof of 2026 currentness."
030031,Coseano,UD,PUBLIC_CONFIG_DETECTED,Guest_PRGCoseano,Guest_PRGCoseano,D085,AMB_076,EagleFVG PRG public configuration,Public WebGIS configuration; vector services behind application,PUBLIC_CONFIG_DETECTED,20,20180104,37|37+36,7,20180104,37|37+36,,,TO_VERIFY_MUNICIPAL_CURRENTNESS,,"Eagle probe proves public configuration only; CER dates/variants are source attributes, not proof of 2026 currentness."
030032,Dignano,UD,PUBLIC_CONFIG_DETECTED,Guest_PRGDignano,Guest_PRGDignano,C556,AMB_029,EagleFVG PRG public configuration,Public WebGIS configuration; vector services behind application,PUBLIC_CONFIG_DETECTED,9,20170223,28,4,20170223,28,,,TO_VERIFY_MUNICIPAL_CURRENTNESS,,"Eagle probe proves public configuration only; CER dates/variants are source attributes, not proof of 2026 currentness."
030033,Dogna,UD,PUBLIC_CONFIG_DETECTED,Guest_PRGDogna,Guest_PRGDogna,D316,AMB_040,EagleFVG PRG public configuration,Public WebGIS configuration; vector services behind application,PUBLIC_CONFIG_DETECTED,0,,,0,,,,,TO_VERIFY_MUNICIPAL_CURRENTNESS,,"Eagle probe proves public configuration only; CER dates/variants are source attributes, not proof of 2026 currentness."
030034,Drenchia,UD,PUBLIC_CONFIG_DETECTED,Guest_PRGDrenchia,Guest_PRGDrenchia,D366,AMB_043,EagleFVG PRG public configuration,Public WebGIS configuration; vector services behind application,PUBLIC_CONFIG_DETECTED,0,,,0,,,,,TO_VERIFY_MUNICIPAL_CURRENTNESS,,"Eagle probe proves public configuration only; CER dates/variants are source attributes, not proof of 2026 currentness."
030035,Enemonzo,UD,PUBLIC_CONFIG_DETECTED,Guest_PRGEnemonzo,Guest_PRGEnemonzo,D408,AMB_045,EagleFVG PRG public configuration,Public WebGIS configuration; vector services behind application,PUBLIC_CONFIG_DETECTED,11,20170420,15,0,,,,,TO_VERIFY_MUNICIPAL_CURRENTNESS,,"Eagle probe proves public configuration only; CER dates/variants are source attributes, not proof of 2026 currentness."
030036,Faedis,UD,PUBLIC_CONFIG_DETECTED,Guest_PRGFaedis,Guest_PRGFaedis,D455,AMB_047,EagleFVG PRG public configuration,Public WebGIS configuration; vector services behind application,PUBLIC_CONFIG_DETECTED,16,20140220,20,2,20140220,20,,,TO_VERIFY_MUNICIPAL_CURRENTNESS,,"Eagle probe proves public configuration only; CER dates/variants are source attributes, not proof of 2026 currentness."
030037,Fagagna,UD,NOT_DETECTED_BY_STANDARD_PROBE,,,,,Official municipal/Regional source to locate,TO_VERIFY,STANDARD_CONFIG_NOT_DETECTED_NOT_A_NEGATIVE_PROOF,44,20151217,45,21,20151217,45,,,TO_VERIFY_MUNICIPAL_CURRENTNESS,,"Eagle probe proves public configuration only; CER dates/variants are source attributes, not proof of 2026 currentness."
030039,Flaibano,UD,NOT_DETECTED_BY_STANDARD_PROBE,,,,,Official municipal/Regional source to locate,TO_VERIFY,STANDARD_CONFIG_NOT_DETECTED_NOT_A_NEGATIVE_PROOF,8,20160303,15,1,20160303,15,,,TO_VERIFY_MUNICIPAL_CURRENTNESS,,"Eagle probe proves public configuration only; CER dates/variants are source attributes, not proof of 2026 currentness."
030040,Forni Avoltri,UD,PUBLIC_CONFIG_DETECTED,Guest_PRGForniAvoltri,Guest_PRGForniAvoltri,D718,AMB_061,EagleFVG PRG public configuration,Public WebGIS configuration; vector services behind application,PUBLIC_CONFIG_DETECTED,8,20110127,1,0,,,,,TO_VERIFY_MUNICIPAL_CURRENTNESS,,"Eagle probe proves public configuration only; CER dates/variants are source attributes, not proof of 2026 currentness."
030041,Forni di Sopra,UD,PUBLIC_CONFIG_DETECTED,Guest_PRGForniDiSopra,Guest_PRGForniDiSopra,D719,AMB_062,EagleFVG PRG public configuration,Public WebGIS configuration; vector services behind application,PUBLIC_CONFIG_DETECTED,5,20161124,55,2,20161124,55,,,TO_VERIFY_MUNICIPAL_CURRENTNESS,,"Eagle probe proves public configuration only; CER dates/variants are source attributes, not proof of 2026 currentness."
030042,Forni di Sotto,UD,PUBLIC_CONFIG_DETECTED,Guest_PRGForniDiSotto,Guest_PRGForniDiSotto,D720,AMB_063,EagleFVG PRG public configuration,Public WebGIS configuration; vector services behind application,PUBLIC_CONFIG_DETECTED,2,20100101,Edizione 2010,0,,,,,TO_VERIFY_MUNICIPAL_CURRENTNESS,,"Eagle probe proves public configuration only; CER dates/variants are source attributes, not proof of 2026 currentness."
030043,Gemona del Friuli,UD,PUBLIC_CONFIG_DETECTED,Guest_PRGGemonaDelFriuli,Guest_PRGGemonaDelFriuli,D962,AMB_065,EagleFVG PRG public configuration,Public WebGIS configuration; vector services behind application,PUBLIC_CONFIG_DETECTED,91,20171121,61,32,20171121,61,,,TO_VERIFY_MUNICIPAL_CURRENTNESS,,"Eagle probe proves public configuration only; CER dates/variants are source attributes, not proof of 2026 currentness."
030044,Gonars,UD,NOT_DETECTED_BY_STANDARD_PROBE,,,,,Official municipal/Regional source to locate,TO_VERIFY,STANDARD_CONFIG_NOT_DETECTED_NOT_A_NEGATIVE_PROOF,9,20171103,7,4,20171103,7,,,TO_VERIFY_MUNICIPAL_CURRENTNESS,,"Eagle probe proves public configuration only; CER dates/variants are source attributes, not proof of 2026 currentness."
030045,Grimacco,UD,PUBLIC_CONFIG_DETECTED,Guest_PRGGrimacco,Guest_PRGGrimacco,E179,AMB_070,EagleFVG PRG public configuration,Public WebGIS configuration; vector services behind application,PUBLIC_CONFIG_DETECTED,2,20010412,0,0,,,,,TO_VERIFY_MUNICIPAL_CURRENTNESS,,"Eagle probe proves public configuration only; CER dates/variants are source attributes, not proof of 2026 currentness."
030046,Latisana,UD,NOT_DETECTED_BY_STANDARD_PROBE,,,,,Official municipal/Regional source to locate,TO_VERIFY,STANDARD_CONFIG_NOT_DETECTED_NOT_A_NEGATIVE_PROOF,43,20151210,64,34,20151210,64,,,TO_VERIFY_MUNICIPAL_CURRENTNESS,,"Eagle probe proves public configuration only; CER dates/variants are source attributes, not proof of 2026 currentness."
030047,Lauco,UD,PUBLIC_CONFIG_DETECTED,Guest_PRGLauco,Guest_PRGLauco,E476,AMB_082,EagleFVG PRG public configuration,Public WebGIS configuration; vector services behind application,PUBLIC_CONFIG_DETECTED,3,20120510,20,0,,,,,TO_VERIFY_MUNICIPAL_CURRENTNESS,,"Eagle probe proves public configuration only; CER dates/variants are source attributes, not proof of 2026 currentness."
030048,Lestizza,UD,PUBLIC_CONFIG_DETECTED,Guest_PRGLestizza,Guest_PRGLestizza,E553,AMB_083,EagleFVG PRG public configuration,Public WebGIS configuration; vector services behind application,PUBLIC_CONFIG_DETECTED,24,20151112,23,2,20151112,23,,,TO_VERIFY_MUNICIPAL_CURRENTNESS,,"Eagle probe proves public configuration only; CER dates/variants are source attributes, not proof of 2026 currentness."
030049,Lignano Sabbiadoro,UD,NOT_DETECTED_BY_STANDARD_PROBE,,,,,Official municipal/Regional source to locate,TO_VERIFY,STANDARD_CONFIG_NOT_DETECTED_NOT_A_NEGATIVE_PROOF,9,20150430,50,0,,,,,TO_VERIFY_MUNICIPAL_CURRENTNESS,,"Eagle probe proves public configuration only; CER dates/variants are source attributes, not proof of 2026 currentness."
030051,Lusevera,UD,NOT_DETECTED_BY_STANDARD_PROBE,,,,,Official municipal/Regional source to locate,TO_VERIFY,STANDARD_CONFIG_NOT_DETECTED_NOT_A_NEGATIVE_PROOF,5,,1989 - da mosaicatura,4,,1989 - da mosaicatura,,,TO_VERIFY_MUNICIPAL_CURRENTNESS,,"Eagle probe proves public configuration only; CER dates/variants are source attributes, not proof of 2026 currentness."
030052,Magnano in Riviera,UD,PUBLIC_CONFIG_DETECTED,Guest_PRGMagnanoInRiviera,Guest_PRGMagnanoInRiviera,E820,AMB_087,EagleFVG PRG public configuration,Public WebGIS configuration; vector services behind application,PUBLIC_CONFIG_DETECTED,27,20141016,37,8,20141016,37,,,TO_VERIFY_MUNICIPAL_CURRENTNESS,,"Eagle probe proves public configuration only; CER dates/variants are source attributes, not proof of 2026 currentness."
030053,Majano,UD,NOT_DETECTED_BY_STANDARD_PROBE,,,,,Official municipal/Regional source to locate,TO_VERIFY,STANDARD_CONFIG_NOT_DETECTED_NOT_A_NEGATIVE_PROOF,51,20160526,27,13,20160526,27,,,TO_VERIFY_MUNICIPAL_CURRENTNESS,,"Eagle probe proves public configuration only; CER dates/variants are source attributes, not proof of 2026 currentness."
030054,Malborghetto Valbruna,UD,PUBLIC_CONFIG_DETECTED,Guest_PRGMalborghettoValbruna,Guest_PRGMalborghettoValbruna,E847,AMB_089,EagleFVG PRG public configuration,Public WebGIS configuration; vector services behind application,PUBLIC_CONFIG_DETECTED,8,20161229,50,1,20161229,50,,,TO_VERIFY_MUNICIPAL_CURRENTNESS,,"Eagle probe proves public configuration only; CER dates/variants are source attributes, not proof of 2026 currentness."
030055,Manzano,UD,PUBLIC_CONFIG_DETECTED,Guest_PRGManzano,Guest_PRGManzano,E899,AMB_135,EagleFVG PRG public configuration,Public WebGIS configuration; vector services behind application,PUBLIC_CONFIG_DETECTED,3,20141023,21,2,20141023,21,,,TO_VERIFY_MUNICIPAL_CURRENTNESS,,"Eagle probe proves public configuration only; CER dates/variants are source attributes, not proof of 2026 currentness."
030056,Marano Lagunare,UD,NOT_DETECTED_BY_STANDARD_PROBE,,,,,Official municipal/Regional source to locate,TO_VERIFY,STANDARD_CONFIG_NOT_DETECTED_NOT_A_NEGATIVE_PROOF,3,20140109,6,0,,,,,TO_VERIFY_MUNICIPAL_CURRENTNESS,,"Eagle probe proves public configuration only; CER dates/variants are source attributes, not proof of 2026 currentness."
030057,Martignacco,UD,PUBLIC_CONFIG_DETECTED,Guest_PRGMartignacco,Guest_PRGMartignacco,E982,AMB_138,EagleFVG PRG public configuration,Public WebGIS configuration; vector services behind application,PUBLIC_CONFIG_DETECTED,27,20180412,44,16,20180412,44,,,TO_VERIFY_MUNICIPAL_CURRENTNESS,,"Eagle probe proves public configuration only; CER dates/variants are source attributes, not proof of 2026 currentness."
030058,Mereto di Tomba,UD,PUBLIC_CONFIG_DETECTED,Guest_PRGMeretoDiTomba,Guest_PRGMeretoDiTomba,F144,AMB_141,EagleFVG PRG public configuration,Public WebGIS configuration; vector services behind application,PUBLIC_CONFIG_DETECTED,18,20171026,16,0,,,,,TO_VERIFY_MUNICIPAL_CURRENTNESS,,"Eagle probe proves public configuration only; CER dates/variants are source attributes, not proof of 2026 currentness."
030059,Moggio Udinese,UD,NOT_DETECTED_BY_STANDARD_PROBE,,,,,Official municipal/Regional source to locate,TO_VERIFY,STANDARD_CONFIG_NOT_DETECTED_NOT_A_NEGATIVE_PROOF,7,20180118,11,0,,,,,TO_VERIFY_MUNICIPAL_CURRENTNESS,,"Eagle probe proves public configuration only; CER dates/variants are source attributes, not proof of 2026 currentness."
030060,Moimacco,UD,PUBLIC_CONFIG_DETECTED,Guest_PRGMoimacco,Guest_PRGMoimacco,F275,AMB_148,EagleFVG PRG public configuration,Public WebGIS configuration; vector services behind application,PUBLIC_CONFIG_DETECTED,14,20160211,26,3,20160211,26,,,TO_VERIFY_MUNICIPAL_CURRENTNESS,,"Eagle probe proves public configuration only; CER dates/variants are source attributes, not proof of 2026 currentness."
030061,Montenars,UD,PUBLIC_CONFIG_DETECTED,Guest_PRGMontenars,Guest_PRGMontenars,F574,AMB_110,EagleFVG PRG public configuration,Public WebGIS configuration; vector services behind application,PUBLIC_CONFIG_DETECTED,0,,,0,,,,,TO_VERIFY_MUNICIPAL_CURRENTNESS,,"Eagle probe proves public configuration only; CER dates/variants are source attributes, not proof of 2026 currentness."
030062,Mortegliano,UD,PUBLIC_CONFIG_DETECTED,Guest_PRGMortegliano,Guest_PRGMortegliano,F756,AMB_114,EagleFVG PRG public configuration,Public WebGIS configuration; vector services behind application,PUBLIC_CONFIG_DETECTED,43,20180412,22,11,20180412,22,,,TO_VERIFY_MUNICIPAL_CURRENTNESS,,"Eagle probe proves public configuration only; CER dates/variants are source attributes, not proof of 2026 currentness."
030063,Moruzzo,UD,NOT_DETECTED_BY_STANDARD_PROBE,,,,,Official municipal/Regional source to locate,TO_VERIFY,STANDARD_CONFIG_NOT_DETECTED_NOT_A_NEGATIVE_PROOF,7,20170727,22,0,,,,,TO_VERIFY_MUNICIPAL_CURRENTNESS,,"Eagle probe proves public configuration only; CER dates/variants are source attributes, not proof of 2026 currentness."
030064,Muzzana del Turgnano,UD,PUBLIC_CONFIG_DETECTED,Guest_PRGMuzzanaDelTurgnano,Guest_PRGMuzzanaDelTurgnano,F832,AMB_118,EagleFVG PRG public configuration,Public WebGIS configuration; vector services behind application,PUBLIC_CONFIG_DETECTED,8,20171026,11,0,,,,,TO_VERIFY_MUNICIPAL_CURRENTNESS,,"Eagle probe proves public configuration only; CER dates/variants are source attributes, not proof of 2026 currentness."
030065,Nimis,UD,PUBLIC_CONFIG_DETECTED,Guest_PRGNimis,Guest_PRGNimis,F898,AMB_119,EagleFVG PRG public configuration,Public WebGIS configuration; vector services behind application,PUBLIC_CONFIG_DETECTED,20,20160825,29,1,20160825,29,,,TO_VERIFY_MUNICIPAL_CURRENTNESS,,"Eagle probe proves public configuration only; CER dates/variants are source attributes, not proof of 2026 currentness."
030066,Osoppo,UD,NOT_DETECTED_BY_STANDARD_PROBE,,,,,Official municipal/Regional source to locate,TO_VERIFY,STANDARD_CONFIG_NOT_DETECTED_NOT_A_NEGATIVE_PROOF,17,20170608,14,9,20170608,14,,,TO_VERIFY_MUNICIPAL_CURRENTNESS,,"Eagle probe proves public configuration only; CER dates/variants are source attributes, not proof of 2026 currentness."
030067,Ovaro,UD,PUBLIC_CONFIG_DETECTED,Guest_PRGOvaro,Guest_PRGOvaro,G198,AMB_106,EagleFVG PRG public configuration,Public WebGIS configuration; vector services behind application,PUBLIC_CONFIG_DETECTED,18,20170112,64,0,,,,,TO_VERIFY_MUNICIPAL_CURRENTNESS,,"Eagle probe proves public configuration only; CER dates/variants are source attributes, not proof of 2026 currentness."
030068,Pagnacco,UD,PUBLIC_CONFIG_DETECTED,Guest_PRGPagnacco,Guest_PRGPagnacco,G238,AMB_107,EagleFVG PRG public configuration,Public WebGIS configuration; vector services behind application,PUBLIC_CONFIG_DETECTED,13,20130418,34,0,,,,,TO_VERIFY_MUNICIPAL_CURRENTNESS,,"Eagle probe proves public configuration only; CER dates/variants are source attributes, not proof of 2026 currentness."
030069,Palazzolo dello Stella,UD,PUBLIC_CONFIG_DETECTED,Guest_PRGPalazzoloDelloStella,Guest_PRGPalazzoloDelloStella,G268,AMB_108,EagleFVG PRG public configuration,Public WebGIS configuration; vector services behind application,PUBLIC_CONFIG_DETECTED,17,20161222,59,14,20161222,59,,,TO_VERIFY_MUNICIPAL_CURRENTNESS,,"Eagle probe proves public configuration only; CER dates/variants are source attributes, not proof of 2026 currentness."
030070,Palmanova,UD,NOT_DETECTED_BY_STANDARD_PROBE,,,,,Official municipal/Regional source to locate,TO_VERIFY,STANDARD_CONFIG_NOT_DETECTED_NOT_A_NEGATIVE_PROOF,22,20161110,63,3,20161110,63,,,TO_VERIFY_MUNICIPAL_CURRENTNESS,,"Eagle probe proves public configuration only; CER dates/variants are source attributes, not proof of 2026 currentness."
030071,Paluzza,UD,PUBLIC_CONFIG_DETECTED,Guest_PRGPaluzza,Guest_PRGPaluzza,G300,AMB_142,EagleFVG PRG public configuration,Public WebGIS configuration; vector services behind application,PUBLIC_CONFIG_DETECTED,14,20080103,2,0,,,,,TO_VERIFY_MUNICIPAL_CURRENTNESS,,"Eagle probe proves public configuration only; CER dates/variants are source attributes, not proof of 2026 currentness."
030072,Pasian di Prato,UD,NOT_DETECTED_BY_STANDARD_PROBE,,,,,Official municipal/Regional source to locate,TO_VERIFY,STANDARD_CONFIG_NOT_DETECTED_NOT_A_NEGATIVE_PROOF,41,20180412,56,1,20180412,56,,,TO_VERIFY_MUNICIPAL_CURRENTNESS,,"Eagle probe proves public configuration only; CER dates/variants are source attributes, not proof of 2026 currentness."
030073,Paularo,UD,PUBLIC_CONFIG_DETECTED,Guest_PRGPaularo,Guest_PRGPaularo,G381,AMB_145,EagleFVG PRG public configuration,Public WebGIS configuration; vector services behind application,PUBLIC_CONFIG_DETECTED,9,20090402,3,0,,,,,TO_VERIFY_MUNICIPAL_CURRENTNESS,,"Eagle probe proves public configuration only; CER dates/variants are source attributes, not proof of 2026 currentness."
030074,Pavia di Udine,UD,PUBLIC_CONFIG_DETECTED,Guest_PRGPaviaDiUdine,Guest_PRGPaviaDiUdine,E899,AMB_135,EagleFVG PRG public configuration,Public WebGIS configuration; vector services behind application,PUBLIC_CONFIG_DETECTED,136,20170713,48,15,20170713,48,,,TO_VERIFY_MUNICIPAL_CURRENTNESS,,"Eagle probe proves public configuration only; CER dates/variants are source attributes, not proof of 2026 currentness."
030075,Pocenia,UD,PUBLIC_CONFIG_DETECTED,Guest_PRGPocenia,Guest_PRGPocenia,G743,AMB_092,EagleFVG PRG public configuration,Public WebGIS configuration; vector services behind application,PUBLIC_CONFIG_DETECTED,16,20160901,31,3,20160901,31,,,TO_VERIFY_MUNICIPAL_CURRENTNESS,,"Eagle probe proves public configuration only; CER dates/variants are source attributes, not proof of 2026 currentness."
030076,Pontebba,UD,PUBLIC_CONFIG_DETECTED,Guest_PRGPontebba,Guest_PRGPontebba,G831,AMB_094,EagleFVG PRG public configuration,Public WebGIS configuration; vector services behind application,PUBLIC_CONFIG_DETECTED,7,20171012,68,5,20171012,68,,,TO_VERIFY_MUNICIPAL_CURRENTNESS,,"Eagle probe proves public configuration only; CER dates/variants are source attributes, not proof of 2026 currentness."
030077,Porpetto,UD,NOT_DETECTED_BY_STANDARD_PROBE,,,,,Official municipal/Regional source to locate,TO_VERIFY,STANDARD_CONFIG_NOT_DETECTED_NOT_A_NEGATIVE_PROOF,11,20131010,7,3,20131010,7,,,TO_VERIFY_MUNICIPAL_CURRENTNESS,,"Eagle probe proves public configuration only; CER dates/variants are source attributes, not proof of 2026 currentness."
030078,Povoletto,UD,NOT_DETECTED_BY_STANDARD_PROBE,,,,,Official municipal/Regional source to locate,TO_VERIFY,STANDARD_CONFIG_NOT_DETECTED_NOT_A_NEGATIVE_PROOF,35,20160929,29,2,20160929,29,,,TO_VERIFY_MUNICIPAL_CURRENTNESS,,"Eagle probe proves public configuration only; CER dates/variants are source attributes, not proof of 2026 currentness."
030079,Pozzuolo del Friuli,UD,NOT_DETECTED_BY_STANDARD_PROBE,,,,,Official municipal/Regional source to locate,TO_VERIFY,STANDARD_CONFIG_NOT_DETECTED_NOT_A_NEGATIVE_PROOF,39,20161103,49,12,20161103,49,,,TO_VERIFY_MUNICIPAL_CURRENTNESS,,"Eagle probe proves public configuration only; CER dates/variants are source attributes, not proof of 2026 currentness."
030080,Pradamano,UD,PUBLIC_CONFIG_DETECTED,Guest_PRGPradamano,Guest_PRGPradamano,G969,AMB_100,EagleFVG PRG public configuration,Public WebGIS configuration; vector services behind application,PUBLIC_CONFIG_DETECTED,7,20140821,26,30,20140821,26,,,TO_VERIFY_MUNICIPAL_CURRENTNESS,,"Eagle probe proves public configuration only; CER dates/variants are source attributes, not proof of 2026 currentness."
030081,Prato Carnico,UD,PUBLIC_CONFIG_DETECTED,Guest_PRGPratoCarnico,Guest_PRGPratoCarnico,H002,AMB_102,EagleFVG PRG public configuration,Public WebGIS configuration; vector services behind application,PUBLIC_CONFIG_DETECTED,11,20171012,28,0,,,,,TO_VERIFY_MUNICIPAL_CURRENTNESS,,"Eagle probe proves public configuration only; CER dates/variants are source attributes, not proof of 2026 currentness."
030082,Precenicco,UD,PUBLIC_CONFIG_DETECTED,Guest_PRGPrecenicco,Guest_PRGPrecenicco,H014,AMB_104,EagleFVG PRG public configuration,Public WebGIS configuration; vector services behind application,PUBLIC_CONFIG_DETECTED,6,20180104,18,0,,,,,TO_VERIFY_MUNICIPAL_CURRENTNESS,,"Eagle probe proves public configuration only; CER dates/variants are source attributes, not proof of 2026 currentness."
030083,Premariacco,UD,PUBLIC_CONFIG_DETECTED,Guest_PRGPremariacco,Guest_PRGPremariacco,H029,AMB_120,EagleFVG PRG public configuration,Public WebGIS configuration; vector services behind application,PUBLIC_CONFIG_DETECTED,20,20160317,12,2,20160317,12,,,TO_VERIFY_MUNICIPAL_CURRENTNESS,,"Eagle probe proves public configuration only; CER dates/variants are source attributes, not proof of 2026 currentness."
030084,Preone,UD,NOT_DETECTED_BY_STANDARD_PROBE,,,,,Official municipal/Regional source to locate,TO_VERIFY,STANDARD_CONFIG_NOT_DETECTED_NOT_A_NEGATIVE_PROOF,0,,,0,,,,,TO_VERIFY_MUNICIPAL_CURRENTNESS,,"Eagle probe proves public configuration only; CER dates/variants are source attributes, not proof of 2026 currentness."
030085,Prepotto,UD,PUBLIC_CONFIG_DETECTED,Guest_PRGPrepotto,Guest_PRGPrepotto,H040,AMB_122,EagleFVG PRG public configuration,Public WebGIS configuration; vector services behind application,PUBLIC_CONFIG_DETECTED,1,20080214,5,0,,,,,TO_VERIFY_MUNICIPAL_CURRENTNESS,,"Eagle probe proves public configuration only; CER dates/variants are source attributes, not proof of 2026 currentness."
030086,Pulfero,UD,PUBLIC_CONFIG_DETECTED,Guest_PRGPulfero,Guest_PRGPulfero,H089,AMB_123,EagleFVG PRG public configuration,Public WebGIS configuration; vector services behind application,PUBLIC_CONFIG_DETECTED,1,20170316,9,1,20170316,9,,,TO_VERIFY_MUNICIPAL_CURRENTNESS,,"Eagle probe proves public configuration only; CER dates/variants are source attributes, not proof of 2026 currentness."
030087,Ragogna,UD,PUBLIC_CONFIG_DETECTED,Guest_PRGRagogna,Guest_PRGRagogna,H161,AMB_124,EagleFVG PRG public configuration,Public WebGIS configuration; vector services behind application,PUBLIC_CONFIG_DETECTED,17,20160818,12,0,,,,,TO_VERIFY_MUNICIPAL_CURRENTNESS,,"Eagle probe proves public configuration only; CER dates/variants are source attributes, not proof of 2026 currentness."
030088,Ravascletto,UD,PUBLIC_CONFIG_DETECTED,Guest_PRGRavascletto,Guest_PRGRavascletto,H196,AMB_125,EagleFVG PRG public configuration,Public WebGIS configuration; vector services behind application,PUBLIC_CONFIG_DETECTED,7,20050721,23,0,,,,,TO_VERIFY_MUNICIPAL_CURRENTNESS,,"Eagle probe proves public configuration only; CER dates/variants are source attributes, not proof of 2026 currentness."
030089,Raveo,UD,PUBLIC_CONFIG_DETECTED,Guest_PRGRaveo,Guest_PRGRaveo,H200,AMB_126,EagleFVG PRG public configuration,Public WebGIS configuration; vector services behind application,PUBLIC_CONFIG_DETECTED,2,20070901,2,0,,,,,TO_VERIFY_MUNICIPAL_CURRENTNESS,,"Eagle probe proves public configuration only; CER dates/variants are source attributes, not proof of 2026 currentness."
030090,Reana del Rojale,UD,PUBLIC_CONFIG_DETECTED,Guest_PRGReanaDelRojale,Guest_PRGReanaDelRojale,H206,AMB_127,EagleFVG PRG public configuration,Public WebGIS configuration; vector services behind application,PUBLIC_CONFIG_DETECTED,39,20161103,33,30,20161103,33,,,TO_VERIFY_MUNICIPAL_CURRENTNESS,,"Eagle probe proves public configuration only; CER dates/variants are source attributes, not proof of 2026 currentness."
030091,Remanzacco,UD,PUBLIC_CONFIG_DETECTED,Guest_PRGRemanzacco,Guest_PRGRemanzacco,H229,AMB_128,EagleFVG PRG public configuration,Public WebGIS configuration; vector services behind application,PUBLIC_CONFIG_DETECTED,36,20170720,34,4,20170720,34,,,TO_VERIFY_MUNICIPAL_CURRENTNESS,,"Eagle probe proves public configuration only; CER dates/variants are source attributes, not proof of 2026 currentness."
030092,Resia,UD,PUBLIC_CONFIG_DETECTED,Guest_PRGResia,Guest_PRGResia,H242,AMB_129,EagleFVG PRG public configuration,Public WebGIS configuration; vector services behind application,PUBLIC_CONFIG_DETECTED,9,20170824,13,3,20170824,13,,,TO_VERIFY_MUNICIPAL_CURRENTNESS,,"Eagle probe proves public configuration only; CER dates/variants are source attributes, not proof of 2026 currentness."
030093,Resiutta,UD,PUBLIC_CONFIG_DETECTED,Guest_PRGResiutta,Guest_PRGResiutta,H244,AMB_130,EagleFVG PRG public configuration,Public WebGIS configuration; vector services behind application,PUBLIC_CONFIG_DETECTED,3,20160114,13,7,20160114,13,,,TO_VERIFY_MUNICIPAL_CURRENTNESS,,"Eagle probe proves public configuration only; CER dates/variants are source attributes, not proof of 2026 currentness."
030094,Rigolato,UD,PUBLIC_CONFIG_DETECTED,Guest_PRGRigolato,Guest_PRGRigolato,H289,AMB_131,EagleFVG PRG public configuration,Public WebGIS configuration; vector services behind application,PUBLIC_CONFIG_DETECTED,5,20160407,20,1,20160407,20,,,TO_VERIFY_MUNICIPAL_CURRENTNESS,,"Eagle probe proves public configuration only; CER dates/variants are source attributes, not proof of 2026 currentness."
030095,Rive d'Arcano,UD,NOT_DETECTED_BY_STANDARD_PROBE,,,,,Official municipal/Regional source to locate,TO_VERIFY,STANDARD_CONFIG_NOT_DETECTED_NOT_A_NEGATIVE_PROOF,12,20170406,20,0,,,,,TO_VERIFY_MUNICIPAL_CURRENTNESS,,"Eagle probe proves public configuration only; CER dates/variants are source attributes, not proof of 2026 currentness."
030097,Ronchis,UD,NOT_DETECTED_BY_STANDARD_PROBE,,,,,Official municipal/Regional source to locate,TO_VERIFY,STANDARD_CONFIG_NOT_DETECTED_NOT_A_NEGATIVE_PROOF,28,20141225,34,8,20141225,34,,,TO_VERIFY_MUNICIPAL_CURRENTNESS,,"Eagle probe proves public configuration only; CER dates/variants are source attributes, not proof of 2026 currentness."
030098,Ruda,UD,PUBLIC_CONFIG_DETECTED,Guest_PRGRuda,Guest_PRGRuda,H629,AMB_192,EagleFVG PRG public configuration,Public WebGIS configuration; vector services behind application,PUBLIC_CONFIG_DETECTED,8,20170817,27,0,,,,,TO_VERIFY_MUNICIPAL_CURRENTNESS,,"Eagle probe proves public configuration only; CER dates/variants are source attributes, not proof of 2026 currentness."
030099,San Daniele del Friuli,UD,NOT_DETECTED_BY_STANDARD_PROBE,,,,,Official municipal/Regional source to locate,TO_VERIFY,STANDARD_CONFIG_NOT_DETECTED_NOT_A_NEGATIVE_PROOF,51,20170831,88,12,20170831,88,,,TO_VERIFY_MUNICIPAL_CURRENTNESS,,"Eagle probe proves public configuration only; CER dates/variants are source attributes, not proof of 2026 currentness."
030100,San Giorgio di Nogaro,UD,NOT_DETECTED_BY_STANDARD_PROBE,,,,,Official municipal/Regional source to locate,TO_VERIFY,STANDARD_CONFIG_NOT_DETECTED_NOT_A_NEGATIVE_PROOF,23,20170803,44,9,20170803,44,,,TO_VERIFY_MUNICIPAL_CURRENTNESS,,"Eagle probe proves public configuration only; CER dates/variants are source attributes, not proof of 2026 currentness."
030101,San Giovanni al Natisone,UD,NOT_DETECTED_BY_STANDARD_PROBE,,,,,Official municipal/Regional source to locate,TO_VERIFY,STANDARD_CONFIG_NOT_DETECTED_NOT_A_NEGATIVE_PROOF,49,20150924,36,31,20150924,36,,,TO_VERIFY_MUNICIPAL_CURRENTNESS,,"Eagle probe proves public configuration only; CER dates/variants are source attributes, not proof of 2026 currentness."
030102,San Leonardo,UD,PUBLIC_CONFIG_DETECTED,Guest_PRGSanLeonardo,Guest_PRGSanLeonardo,H951,AMB_176,EagleFVG PRG public configuration,Public WebGIS configuration; vector services behind application,PUBLIC_CONFIG_DETECTED,9,20110428,11,0,,,,,TO_VERIFY_MUNICIPAL_CURRENTNESS,,"Eagle probe proves public configuration only; CER dates/variants are source attributes, not proof of 2026 currentness."
030103,San Pietro al Natisone,UD,PUBLIC_CONFIG_DETECTED,Guest_PRGSanPietroAlNatisone,Guest_PRGSanPietroAlNatisone,I092,AMB_152,EagleFVG PRG public configuration,Public WebGIS configuration; vector services behind application,PUBLIC_CONFIG_DETECTED,10,20171221,17,1,20171221,17,,,TO_VERIFY_MUNICIPAL_CURRENTNESS,,"Eagle probe proves public configuration only; CER dates/variants are source attributes, not proof of 2026 currentness."
030104,Santa Maria la Longa,UD,NOT_DETECTED_BY_STANDARD_PROBE,,,,,Official municipal/Regional source to locate,TO_VERIFY,STANDARD_CONFIG_NOT_DETECTED_NOT_A_NEGATIVE_PROOF,22,20151224,17,9,20151224,17,,,TO_VERIFY_MUNICIPAL_CURRENTNESS,,"Eagle probe proves public configuration only; CER dates/variants are source attributes, not proof of 2026 currentness."
030105,San Vito al Torre,UD,NOT_DETECTED_BY_STANDARD_PROBE,,,,,Official municipal/Regional source to locate,TO_VERIFY,STANDARD_CONFIG_NOT_DETECTED_NOT_A_NEGATIVE_PROOF,14,20130926,15,0,,,,,TO_VERIFY_MUNICIPAL_CURRENTNESS,,"Eagle probe proves public configuration only; CER dates/variants are source attributes, not proof of 2026 currentness."
030106,San Vito di Fagagna,UD,PUBLIC_CONFIG_DETECTED,Guest_PRGSanVitoDiFagagna,Guest_PRGSanVitoDiFagagna,I405,AMB_197,EagleFVG PRG public configuration,Public WebGIS configuration; vector services behind application,PUBLIC_CONFIG_DETECTED,13,20100812,9,1,20100812,9,,,TO_VERIFY_MUNICIPAL_CURRENTNESS,,"Eagle probe proves public configuration only; CER dates/variants are source attributes, not proof of 2026 currentness."
030107,Sauris,UD,PUBLIC_CONFIG_DETECTED,Guest_PRGSauris,Guest_PRGSauris,I464,AMB_198,EagleFVG PRG public configuration,Public WebGIS configuration; vector services behind application,PUBLIC_CONFIG_DETECTED,9,20170406,27,0,,,,,TO_VERIFY_MUNICIPAL_CURRENTNESS,,"Eagle probe proves public configuration only; CER dates/variants are source attributes, not proof of 2026 currentness."
030108,Savogna,UD,PUBLIC_CONFIG_DETECTED,Guest_PRGSavogna,Guest_PRGSavogna,I478,AMB_199,EagleFVG PRG public configuration,Public WebGIS configuration; vector services behind application,PUBLIC_CONFIG_DETECTED,0,,,0,,,,,TO_VERIFY_MUNICIPAL_CURRENTNESS,,"Eagle probe proves public configuration only; CER dates/variants are source attributes, not proof of 2026 currentness."
030109,Sedegliano,UD,PUBLIC_CONFIG_DETECTED,Guest_PRGSedegliano,Guest_PRGSedegliano,I562,AMB_201,EagleFVG PRG public configuration,Public WebGIS configuration; vector services behind application,PUBLIC_CONFIG_DETECTED,14,20160414,22,5,20160414,22,,,TO_VERIFY_MUNICIPAL_CURRENTNESS,,"Eagle probe proves public configuration only; CER dates/variants are source attributes, not proof of 2026 currentness."
030110,Socchieve,UD,PUBLIC_CONFIG_DETECTED,Guest_PRGSocchieve,Guest_PRGSocchieve,I777,AMB_205,EagleFVG PRG public configuration,Public WebGIS configuration; vector services behind application,PUBLIC_CONFIG_DETECTED,2,20160317,13,0,,,,,TO_VERIFY_MUNICIPAL_CURRENTNESS,,"Eagle probe proves public configuration only; CER dates/variants are source attributes, not proof of 2026 currentness."
030111,Stregna,UD,PUBLIC_CONFIG_DETECTED,Guest_PRGStregna,Guest_PRGStregna,I974,AMB_208,EagleFVG PRG public configuration,Public WebGIS configuration; vector services behind application,PUBLIC_CONFIG_DETECTED,0,,,0,,,,,TO_VERIFY_MUNICIPAL_CURRENTNESS,,"Eagle probe proves public configuration only; CER dates/variants are source attributes, not proof of 2026 currentness."
030112,Sutrio,UD,PUBLIC_CONFIG_DETECTED,Guest_PRGSutrio,Guest_PRGSutrio,L018,AMB_209,EagleFVG PRG public configuration,Public WebGIS configuration; vector services behind application,PUBLIC_CONFIG_DETECTED,9,20121206,22,1,20121206,22,,,TO_VERIFY_MUNICIPAL_CURRENTNESS,,"Eagle probe proves public configuration only; CER dates/variants are source attributes, not proof of 2026 currentness."
030113,Taipana,UD,NOT_DETECTED_BY_STANDARD_PROBE,,,,,Official municipal/Regional source to locate,TO_VERIFY,STANDARD_CONFIG_NOT_DETECTED_NOT_A_NEGATIVE_PROOF,1,,16,0,,,,,TO_VERIFY_MUNICIPAL_CURRENTNESS,,"Eagle probe proves public configuration only; CER dates/variants are source attributes, not proof of 2026 currentness."
030114,Talmassons,UD,PUBLIC_CONFIG_DETECTED,Guest_PRGTalmassons,Guest_PRGTalmassons,L039,AMB_210,EagleFVG PRG public configuration,Public WebGIS configuration; vector services behind application,PUBLIC_CONFIG_DETECTED,39,20150917,28,10,20150917,28,,,TO_VERIFY_MUNICIPAL_CURRENTNESS,,"Eagle probe proves public configuration only; CER dates/variants are source attributes, not proof of 2026 currentness."
030116,Tarcento,UD,PUBLIC_CONFIG_DETECTED,Guest_PRGTarcento,Guest_PRGTarcento,L050,AMB_212,EagleFVG PRG public configuration,Public WebGIS configuration; vector services behind application,PUBLIC_CONFIG_DETECTED,53,20170817,39,3,20170817,39,,,TO_VERIFY_MUNICIPAL_CURRENTNESS,,"Eagle probe proves public configuration only; CER dates/variants are source attributes, not proof of 2026 currentness."
030117,Tarvisio,UD,PUBLIC_CONFIG_DETECTED,Guest_PRGTarvisio,Guest_PRGTarvisio,L057,AMB_213,EagleFVG PRG public configuration,Public WebGIS configuration; vector services behind application,PUBLIC_CONFIG_DETECTED,12,20170706,73,1,20170706,73,,,TO_VERIFY_MUNICIPAL_CURRENTNESS,,"Eagle probe proves public configuration only; CER dates/variants are source attributes, not proof of 2026 currentness."
030118,Tavagnacco,UD,PUBLIC_CONFIG_DETECTED,Guest_PRGTavagnacco,Guest_PRGTavagnacco,L065,AMB_214,EagleFVG PRG public configuration,Public WebGIS configuration; vector services behind application,PUBLIC_CONFIG_DETECTED,66,20150129,9,35,20150129,9,Variante 22 approvata DCC 3 del 30/01/2024; pubblicazione online EagleFVG 19/11/2025,https://www.comune.tavagnacco.ud.it/Novita/Notizie/Pubblicata-online-la-Variante-n.-22-al-PRGC,APPROVED_CURRENT_SOURCE_VERIFIED,TEMPORAL_MISMATCH,CER D/H antecedenti alla variante corrente documentata
030120,Terzo d'Aquileia,UD,NOT_DETECTED_BY_STANDARD_PROBE,,,,,Official municipal/Regional source to locate,TO_VERIFY,STANDARD_CONFIG_NOT_DETECTED_NOT_A_NEGATIVE_PROOF,8,20110324,5,0,,,,,TO_VERIFY_MUNICIPAL_CURRENTNESS,,"Eagle probe proves public configuration only; CER dates/variants are source attributes, not proof of 2026 currentness."
030121,Tolmezzo,UD,NOT_DETECTED_BY_STANDARD_PROBE,,,,,Official municipal/Regional source to locate,TO_VERIFY,STANDARD_CONFIG_NOT_DETECTED_NOT_A_NEGATIVE_PROOF,17,20170316,108,5,20170316,108,,,TO_VERIFY_MUNICIPAL_CURRENTNESS,,"Eagle probe proves public configuration only; CER dates/variants are source attributes, not proof of 2026 currentness."
030122,Torreano,UD,PUBLIC_CONFIG_DETECTED,Guest_PRGTorreano,Guest_PRGTorreano,L246,AMB_157,EagleFVG PRG public configuration,Public WebGIS configuration; vector services behind application,PUBLIC_CONFIG_DETECTED,10,20140420,11,8,20140420,11,,,TO_VERIFY_MUNICIPAL_CURRENTNESS,,"Eagle probe proves public configuration only; CER dates/variants are source attributes, not proof of 2026 currentness."
030123,Torviscosa,UD,NOT_DETECTED_BY_STANDARD_PROBE,,,,,Official municipal/Regional source to locate,TO_VERIFY,STANDARD_CONFIG_NOT_DETECTED_NOT_A_NEGATIVE_PROOF,19,20160602,11,1,20160602,11,,,TO_VERIFY_MUNICIPAL_CURRENTNESS,,"Eagle probe proves public configuration only; CER dates/variants are source attributes, not proof of 2026 currentness."
030124,Trasaghis,UD,PUBLIC_CONFIG_DETECTED,Guest_PRGTrasaghis,Guest_PRGTrasaghis,L335,AMB_161,EagleFVG PRG public configuration,Public WebGIS configuration; vector services behind application,PUBLIC_CONFIG_DETECTED,15,20151022,20,0,,,,,TO_VERIFY_MUNICIPAL_CURRENTNESS,,"Eagle probe proves public configuration only; CER dates/variants are source attributes, not proof of 2026 currentness."
030126,Treppo Grande,UD,NOT_DETECTED_BY_STANDARD_PROBE,,,,,Official municipal/Regional source to locate,TO_VERIFY,STANDARD_CONFIG_NOT_DETECTED_NOT_A_NEGATIVE_PROOF,16,20170824,16,0,,,,,TO_VERIFY_MUNICIPAL_CURRENTNESS,,"Eagle probe proves public configuration only; CER dates/variants are source attributes, not proof of 2026 currentness."
030127,Tricesimo,UD,NOT_DETECTED_BY_STANDARD_PROBE,,,,,Official municipal/Regional source to locate,TO_VERIFY,STANDARD_CONFIG_NOT_DETECTED_NOT_A_NEGATIVE_PROOF,11,20160407,73,31,20160407,73,,,TO_VERIFY_MUNICIPAL_CURRENTNESS,,"Eagle probe proves public configuration only; CER dates/variants are source attributes, not proof of 2026 currentness."
030128,Trivignano Udinese,UD,NOT_DETECTED_BY_STANDARD_PROBE,,,,,Official municipal/Regional source to locate,TO_VERIFY,STANDARD_CONFIG_NOT_DETECTED_NOT_A_NEGATIVE_PROOF,9,20180201,18,4,20180201,18,,,TO_VERIFY_MUNICIPAL_CURRENTNESS,,"Eagle probe proves public configuration only; CER dates/variants are source attributes, not proof of 2026 currentness."
030129,Udine,UD,PUBLIC_CONFIG_DETECTED,Guest_PRGUdine,Guest_PRGUdine,L483,AMB_169,EagleFVG PRG public configuration,Public WebGIS configuration; vector services behind application,PUBLIC_CONFIG_DETECTED,51,20171109,15,65,20171109,15,,,TO_VERIFY_MUNICIPAL_CURRENTNESS,,"Eagle probe proves public configuration only; CER dates/variants are source attributes, not proof of 2026 currentness."
030130,Varmo,UD,PUBLIC_CONFIG_DETECTED,Guest_PRGVarmo,Guest_PRGVarmo,L686,AMB_217,EagleFVG PRG public configuration,Public WebGIS configuration; vector services behind application,PUBLIC_CONFIG_DETECTED,7,20150709,15,2,20150709,15,,,TO_VERIFY_MUNICIPAL_CURRENTNESS,,"Eagle probe proves public configuration only; CER dates/variants are source attributes, not proof of 2026 currentness."
030131,Venzone,UD,PUBLIC_CONFIG_DETECTED,Guest_PRGVenzone,Guest_PRGVenzone,L743,AMB_218,EagleFVG PRG public configuration,Public WebGIS configuration; vector services behind application,PUBLIC_CONFIG_DETECTED,11,20170713,33,5,20170713,33,,,TO_VERIFY_MUNICIPAL_CURRENTNESS,,"Eagle probe proves public configuration only; CER dates/variants are source attributes, not proof of 2026 currentness."
030132,Verzegnis,UD,NOT_DETECTED_BY_STANDARD_PROBE,,,,,Official municipal/Regional source to locate,TO_VERIFY,STANDARD_CONFIG_NOT_DETECTED_NOT_A_NEGATIVE_PROOF,10,20090402,13,0,,,,,TO_VERIFY_MUNICIPAL_CURRENTNESS,,"Eagle probe proves public configuration only; CER dates/variants are source attributes, not proof of 2026 currentness."
030133,Villa Santina,UD,PUBLIC_CONFIG_DETECTED,Guest_PRGVillaSantina,Guest_PRGVillaSantina,L909,AMB_179,EagleFVG PRG public configuration,Public WebGIS configuration; vector services behind application,PUBLIC_CONFIG_DETECTED,9,20150910,27,4,20150910,27,,,TO_VERIFY_MUNICIPAL_CURRENTNESS,,"Eagle probe proves public configuration only; CER dates/variants are source attributes, not proof of 2026 currentness."
030135,Visco,UD,PUBLIC_CONFIG_DETECTED,Guest_PRGVisco,Guest_PRGVisco,M073,AMB_182,EagleFVG PRG public configuration,Public WebGIS configuration; vector services behind application,PUBLIC_CONFIG_DETECTED,10,20180104,17,2,20180104,17,,,TO_VERIFY_MUNICIPAL_CURRENTNESS,,"Eagle probe proves public configuration only; CER dates/variants are source attributes, not proof of 2026 currentness."
030136,Zuglio,UD,PUBLIC_CONFIG_DETECTED,Guest_PRGZuglio,Guest_PRGZuglio,M200,AMB_186,EagleFVG PRG public configuration,Public WebGIS configuration; vector services behind application,PUBLIC_CONFIG_DETECTED,6,,Marzo 2011,0,,,,,TO_VERIFY_MUNICIPAL_CURRENTNESS,,"Eagle probe proves public configuration only; CER dates/variants are source attributes, not proof of 2026 currentness."
030137,Forgaria nel Friuli,UD,PUBLIC_CONFIG_DETECTED,Guest_PRGForgariaNelFriuli,Guest_PRGForgariaNelFriuli,D700,AMB_056,EagleFVG PRG public configuration,Public WebGIS configuration; vector services behind application,PUBLIC_CONFIG_DETECTED,23,20171116,16,0,,,,,TO_VERIFY_MUNICIPAL_CURRENTNESS,,"Eagle probe proves public configuration only; CER dates/variants are source attributes, not proof of 2026 currentness."
030138,Campolongo Tapogliano,UD,PUBLIC_CONFIG_DETECTED,Guest_PRGCampolongoTapogliano,Guest_PRGCampolongoTapogliano,M311,AMB_220,EagleFVG PRG public configuration,Public WebGIS configuration; vector services behind application,PUBLIC_CONFIG_DETECTED,8,20160811,2,0,,,,,TO_VERIFY_MUNICIPAL_CURRENTNESS,,"Eagle probe proves public configuration only; CER dates/variants are source attributes, not proof of 2026 currentness."
030188,Rivignano Teor,UD,NOT_DETECTED_BY_STANDARD_PROBE,,,,,Official municipal/Regional source to locate,TO_VERIFY,STANDARD_CONFIG_NOT_DETECTED_NOT_A_NEGATIVE_PROOF,0,,,0,,,,,TO_VERIFY_MUNICIPAL_CURRENTNESS,,"Eagle probe proves public configuration only; CER dates/variants are source attributes, not proof of 2026 currentness."
030189,Sappada,UD,PUBLIC_CONFIG_DETECTED,Guest_PRGSappada,Guest_PRGSappada,I421,AMB_231,EagleFVG PRG public configuration,Public WebGIS configuration; vector services behind application,PUBLIC_CONFIG_DETECTED,0,,,0,,,,,TO_VERIFY_MUNICIPAL_CURRENTNESS,,"Eagle probe proves public configuration only; CER dates/variants are source attributes, not proof of 2026 currentness."
030190,Fiumicello Villa Vicentina,UD,PUBLIC_CONFIG_DETECTED,Guest_PRGFiumicelloVillaVicentina,Guest_PRGFiumicelloVillaVicentina,M400,AMB_232,EagleFVG PRG public configuration,Public WebGIS configuration; vector services behind application,PUBLIC_CONFIG_DETECTED,0,,,0,,,,,TO_VERIFY_MUNICIPAL_CURRENTNESS,,"Eagle probe proves public configuration only; CER dates/variants are source attributes, not proof of 2026 currentness."
030191,Treppo Ligosullo,UD,PUBLIC_CONFIG_DETECTED,Guest_PRGTreppoLigosullo,Guest_PRGTreppoLigosullo,M399,AMB_230,EagleFVG PRG public configuration,Public WebGIS configuration; vector services behind application,PUBLIC_CONFIG_DETECTED,0,,,0,,,,,TO_VERIFY_MUNICIPAL_CURRENTNESS,,"Eagle probe proves public configuration only; CER dates/variants are source attributes, not proof of 2026 currentness."
031001,Capriva del Friuli,GO,PUBLIC_CONFIG_DETECTED,Guest_PRGCaprivaDelFriuli,Guest_PRGCaprivaDelFriuli,B712,AMB_004,EagleFVG PRG public configuration,Public WebGIS configuration; vector services behind application,PUBLIC_CONFIG_DETECTED,10,20130704,2,6,20130704,2,,,TO_VERIFY_MUNICIPAL_CURRENTNESS,,"Eagle probe proves public configuration only; CER dates/variants are source attributes, not proof of 2026 currentness."
031002,Cormons,GO,PUBLIC_CONFIG_DETECTED,Guest_PRGCormons,Guest_PRGCormons,D014,AMB_074,EagleFVG PRG public configuration,Public WebGIS configuration; vector services behind application,PUBLIC_CONFIG_DETECTED,13,20120412,35,6,20120412,35,,,TO_VERIFY_MUNICIPAL_CURRENTNESS,,"Eagle probe proves public configuration only; CER dates/variants are source attributes, not proof of 2026 currentness."
031003,Doberdò del Lago,GO,PUBLIC_CONFIG_DETECTED,Guest_PRGDoberdoDelLago,Guest_PRGDoberdoDelLago,D312,AMB_039,EagleFVG PRG public configuration,Public WebGIS configuration; vector services behind application,PUBLIC_CONFIG_DETECTED,1,20180503,11,0,,,,,TO_VERIFY_MUNICIPAL_CURRENTNESS,,"Eagle probe proves public configuration only; CER dates/variants are source attributes, not proof of 2026 currentness."
031004,Dolegna del Collio,GO,NOT_DETECTED_BY_STANDARD_PROBE,,,,,Official municipal/Regional source to locate,TO_VERIFY,STANDARD_CONFIG_NOT_DETECTED_NOT_A_NEGATIVE_PROOF,2,20180329,6,0,,,,,TO_VERIFY_MUNICIPAL_CURRENTNESS,,"Eagle probe proves public configuration only; CER dates/variants are source attributes, not proof of 2026 currentness."
031005,Farra d'Isonzo,GO,PUBLIC_CONFIG_DETECTED,Guest_PRGFarraDIsonzo,Guest_PRGFarraDIsonzo,D504,AMB_050,EagleFVG PRG public configuration,Public WebGIS configuration; vector services behind application,PUBLIC_CONFIG_DETECTED,7,20170608,16,2,20170608,16,,,TO_VERIFY_MUNICIPAL_CURRENTNESS,,"Eagle probe proves public configuration only; CER dates/variants are source attributes, not proof of 2026 currentness."
031006,Fogliano Redipuglia,GO,PUBLIC_CONFIG_DETECTED,Guest_PRGFoglianoRedipuglia,Guest_PRGFoglianoRedipuglia,D504,AMB_050,EagleFVG PRG public configuration,Public WebGIS configuration; vector services behind application,PUBLIC_CONFIG_DETECTED,3,20170706,28,7,20170706,28,,,TO_VERIFY_MUNICIPAL_CURRENTNESS,,"Eagle probe proves public configuration only; CER dates/variants are source attributes, not proof of 2026 currentness."
031007,Gorizia,GO,PUBLIC_CONFIG_DETECTED,Guest_PRGGorizia,Guest_PRGGorizia,E098,AMB_067,EagleFVG PRG public configuration,Public WebGIS configuration; vector services behind application,PUBLIC_CONFIG_DETECTED,32,20170414,40,42,20170414,40,Varianti 60 e 61 esecutive nel 2025; pagina PRGC comunale aggiornata 08/01/2026,https://comune.gorizia.it/it/amministrazione-trasparente-5819/pianificazione-e-governo-del-territorio-272820/varianti-al-prgc-272822,CURRENT_SOURCE_VERIFIED,TEMPORAL_MISMATCH,Variante 62 adottata nel 2026 non trattata come vigente
031008,Gradisca d'Isonzo,GO,PUBLIC_CONFIG_DETECTED,Guest_PRGGradiscaDIsonzo,Guest_PRGGradiscaDIsonzo,E124,AMB_068,EagleFVG PRG public configuration,Public WebGIS configuration; vector services behind application,PUBLIC_CONFIG_DETECTED,14,20171026,34,6,20171026,34,,,TO_VERIFY_MUNICIPAL_CURRENTNESS,,"Eagle probe proves public configuration only; CER dates/variants are source attributes, not proof of 2026 currentness."
031009,Grado,GO,NOT_DETECTED_BY_STANDARD_PROBE,,,,,Official municipal/Regional source to locate,TO_VERIFY,STANDARD_CONFIG_NOT_DETECTED_NOT_A_NEGATIVE_PROOF,1,20171103,27,0,,,,,TO_VERIFY_MUNICIPAL_CURRENTNESS,,"Eagle probe proves public configuration only; CER dates/variants are source attributes, not proof of 2026 currentness."
031010,Mariano del Friuli,GO,NOT_DETECTED_BY_STANDARD_PROBE,,,,,Official municipal/Regional source to locate,TO_VERIFY,STANDARD_CONFIG_NOT_DETECTED_NOT_A_NEGATIVE_PROOF,12,20121025,13,6,20121025,13,,,TO_VERIFY_MUNICIPAL_CURRENTNESS,,"Eagle probe proves public configuration only; CER dates/variants are source attributes, not proof of 2026 currentness."
031011,Medea,GO,NOT_DETECTED_BY_STANDARD_PROBE,,,,,Official municipal/Regional source to locate,TO_VERIFY,STANDARD_CONFIG_NOT_DETECTED_NOT_A_NEGATIVE_PROOF,3,20130905,22,2,20130905,22,,,TO_VERIFY_MUNICIPAL_CURRENTNESS,,"Eagle probe proves public configuration only; CER dates/variants are source attributes, not proof of 2026 currentness."
031012,Monfalcone,GO,PUBLIC_CONFIG_DETECTED,Guest_PRGMonfalcone,Guest_PRGMonfalcone,F356,AMB_149,EagleFVG PRG public configuration,Public WebGIS configuration; vector services behind application,PUBLIC_CONFIG_DETECTED,51,20170522,54,15,20170522,54,PRGC comunale pubblica elaborati di zonizzazione 64+71; Variante 71 approvata DCC 8 del 31/01/2025,https://www.comune.monfalcone.go.it/it/amministrazione-trasparente-5724/pianificazione-e-governo-del-territorio-5794/pianificazione-territoriale-30539/piano-regolatore-generale-comunale-prgc-249162,CURRENT_SOURCE_VERIFIED,TEMPORAL_MISMATCH,Eagle comunale dichiarato divulgativo; prevalgono gli atti approvati
031013,Moraro,GO,NOT_DETECTED_BY_STANDARD_PROBE,,,,,Official municipal/Regional source to locate,TO_VERIFY,STANDARD_CONFIG_NOT_DETECTED_NOT_A_NEGATIVE_PROOF,7,20160512,10,0,,,,,TO_VERIFY_MUNICIPAL_CURRENTNESS,,"Eagle probe proves public configuration only; CER dates/variants are source attributes, not proof of 2026 currentness."
031014,Mossa,GO,NOT_DETECTED_BY_STANDARD_PROBE,,,,,Official municipal/Regional source to locate,TO_VERIFY,STANDARD_CONFIG_NOT_DETECTED_NOT_A_NEGATIVE_PROOF,15,20160609,20,2,20160609,20,,,TO_VERIFY_MUNICIPAL_CURRENTNESS,,"Eagle probe proves public configuration only; CER dates/variants are source attributes, not proof of 2026 currentness."
031015,Romans d'Isonzo,GO,NOT_DETECTED_BY_STANDARD_PROBE,,,,,Official municipal/Regional source to locate,TO_VERIFY,STANDARD_CONFIG_NOT_DETECTED_NOT_A_NEGATIVE_PROOF,16,20170413,48,2,20170413,48,,,TO_VERIFY_MUNICIPAL_CURRENTNESS,,"Eagle probe proves public configuration only; CER dates/variants are source attributes, not proof of 2026 currentness."
031016,Ronchi dei Legionari,GO,PUBLIC_CONFIG_DETECTED,Guest_PRGRonchiDeiLegionari,Guest_PRGRonchiDeiLegionari,H531,AMB_189,EagleFVG PRG public configuration,Public WebGIS configuration; vector services behind application,PUBLIC_CONFIG_DETECTED,11,20170112,3,8,20170112,3,,,TO_VERIFY_MUNICIPAL_CURRENTNESS,,"Eagle probe proves public configuration only; CER dates/variants are source attributes, not proof of 2026 currentness."
031017,Sagrado,GO,PUBLIC_CONFIG_DETECTED,Guest_PRGSagrado,Guest_PRGSagrado,H665,AMB_194,EagleFVG PRG public configuration,Public WebGIS configuration; vector services behind application,PUBLIC_CONFIG_DETECTED,1,20170629,Nuovo Piano Regolatore Generale Comunale,0,,,,,TO_VERIFY_MUNICIPAL_CURRENTNESS,,"Eagle probe proves public configuration only; CER dates/variants are source attributes, not proof of 2026 currentness."
031018,San Canzian d'Isonzo,GO,PUBLIC_CONFIG_DETECTED,Guest_PRGSanCanzianDIsonzo,Guest_PRGSanCanzianDIsonzo,H787,AMB_170,EagleFVG PRG public configuration,Public WebGIS configuration; vector services behind application,PUBLIC_CONFIG_DETECTED,14,20160804,17,8,20160804,17,Variante 29 approvata il 10/07/2025; elenco comunale delle varianti,https://www.comune.sancanziandisonzo.go.it/it/amministrazione-trasparente-10292/pianificazione-e-governo-del-territorio-16324/pianificazione-territoriale-16437/delibere-16439,APPROVED_CURRENT_SOURCE_VERIFIED,TEMPORAL_MISMATCH,Variante 30 adottata nel 2026 non trattata come vigente
031019,San Floriano del Collio,GO,NOT_DETECTED_BY_STANDARD_PROBE,,,,,Official municipal/Regional source to locate,TO_VERIFY,STANDARD_CONFIG_NOT_DETECTED_NOT_A_NEGATIVE_PROOF,1,20160218,5,0,,,,,TO_VERIFY_MUNICIPAL_CURRENTNESS,,"Eagle probe proves public configuration only; CER dates/variants are source attributes, not proof of 2026 currentness."
031020,San Lorenzo Isontino,GO,PUBLIC_CONFIG_DETECTED,Guest_PRGSanLorenzoIsontino,Guest_PRGSanLorenzoIsontino,H964,AMB_177,EagleFVG PRG public configuration,Public WebGIS configuration; vector services behind application,PUBLIC_CONFIG_DETECTED,6,20161006,19,5,20161006,19,,,TO_VERIFY_MUNICIPAL_CURRENTNESS,,"Eagle probe proves public configuration only; CER dates/variants are source attributes, not proof of 2026 currentness."
031021,San Pier d'Isonzo,GO,PUBLIC_CONFIG_DETECTED,Guest_PRGSanPierDIsonzo,Guest_PRGSanPierDIsonzo,I082,AMB_151,EagleFVG PRG public configuration,Public WebGIS configuration; vector services behind application,PUBLIC_CONFIG_DETECTED,2,20130627,12,0,,,,,TO_VERIFY_MUNICIPAL_CURRENTNESS,,"Eagle probe proves public configuration only; CER dates/variants are source attributes, not proof of 2026 currentness."
031022,Savogna d'Isonzo,GO,PUBLIC_CONFIG_DETECTED,Guest_PRGSavognaDIsonzo,Guest_PRGSavognaDIsonzo,I479,AMB_200,EagleFVG PRG public configuration,Public WebGIS configuration; vector services behind application,PUBLIC_CONFIG_DETECTED,11,20170608,Generale,3,20170608,Generale,,,TO_VERIFY_MUNICIPAL_CURRENTNESS,,"Eagle probe proves public configuration only; CER dates/variants are source attributes, not proof of 2026 currentness."
031023,Staranzano,GO,NOT_DETECTED_BY_STANDARD_PROBE,,,,,Official municipal/Regional source to locate,TO_VERIFY,STANDARD_CONFIG_NOT_DETECTED_NOT_A_NEGATIVE_PROOF,22,20121228,14,5,20121228,14,,,TO_VERIFY_MUNICIPAL_CURRENTNESS,,"Eagle probe proves public configuration only; CER dates/variants are source attributes, not proof of 2026 currentness."
031024,Turriaco,GO,NOT_DETECTED_BY_STANDARD_PROBE,,,,,Official municipal/Regional source to locate,TO_VERIFY,STANDARD_CONFIG_NOT_DETECTED_NOT_A_NEGATIVE_PROOF,5,20170817,16,6,20170817,16,,,TO_VERIFY_MUNICIPAL_CURRENTNESS,,"Eagle probe proves public configuration only; CER dates/variants are source attributes, not proof of 2026 currentness."
031025,Villesse,GO,PUBLIC_CONFIG_DETECTED,Guest_PRGVillesse,Guest_PRGVillesse,M043,AMB_181,EagleFVG PRG public configuration,Public WebGIS configuration; vector services behind application,PUBLIC_CONFIG_DETECTED,16,20170824,3,1,20170824,3,,,TO_VERIFY_MUNICIPAL_CURRENTNESS,,"Eagle probe proves public configuration only; CER dates/variants are source attributes, not proof of 2026 currentness."
032001,Duino Aurisina,TS,NOT_DETECTED_BY_STANDARD_PROBE,,,,,Official municipal/Regional source to locate,TO_VERIFY,STANDARD_CONFIG_NOT_DETECTED_NOT_A_NEGATIVE_PROOF,4,20140424,27,3,20140424,27,,,TO_VERIFY_MUNICIPAL_CURRENTNESS,,"Eagle probe proves public configuration only; CER dates/variants are source attributes, not proof of 2026 currentness."
032002,Monrupino,TS,NOT_DETECTED_BY_STANDARD_PROBE,,,,,Official municipal/Regional source to locate,TO_VERIFY,STANDARD_CONFIG_NOT_DETECTED_NOT_A_NEGATIVE_PROOF,3,20131004,7,0,,,,,TO_VERIFY_MUNICIPAL_CURRENTNESS,,"Eagle probe proves public configuration only; CER dates/variants are source attributes, not proof of 2026 currentness."
032003,Muggia,TS,PUBLIC_CONFIG_DETECTED,Guest_PRGMuggia,Guest_PRGMuggia,F795,AMB_117,EagleFVG PRG public configuration,Public WebGIS configuration; vector services behind application,PUBLIC_CONFIG_DETECTED,24,20160630,31,8,20160630,31,,,TO_VERIFY_MUNICIPAL_CURRENTNESS,,"Eagle probe proves public configuration only; CER dates/variants are source attributes, not proof of 2026 currentness."
032004,San Dorligo della Valle,TS,PUBLIC_CONFIG_DETECTED,Guest_PRGSanDorligoDellaValle,Guest_PRGSanDorligoDellaValle,D324,AMB_042,EagleFVG PRG public configuration,Public WebGIS configuration; vector services behind application,PUBLIC_CONFIG_DETECTED,21,20160414,29,2,20160414,29,,,TO_VERIFY_MUNICIPAL_CURRENTNESS,,"Eagle probe proves public configuration only; CER dates/variants are source attributes, not proof of 2026 currentness."
032005,Sgonico,TS,PUBLIC_CONFIG_DETECTED,Guest_PRGSgonico,Guest_PRGSgonico,I715,AMB_204,EagleFVG PRG public configuration,Public WebGIS configuration; vector services behind application,PUBLIC_CONFIG_DETECTED,5,20150115,18,1,20150115,18,,,TO_VERIFY_MUNICIPAL_CURRENTNESS,,"Eagle probe proves public configuration only; CER dates/variants are source attributes, not proof of 2026 currentness."
032006,Trieste,TS,PUBLIC_CONFIG_DETECTED,Guest_PRGTrieste,Guest_PRGTrieste,L424,AMB_166,EagleFVG PRG public configuration,Public WebGIS configuration; vector services behind application,PUBLIC_CONFIG_DETECTED,58,20170511,1,16,20170511,1,Pagina comunale del PRGC vigente e accesso alla consultazione interattiva; stato puntuale delle varianti da ricostruire dagli atti,https://www.comune.trieste.it/it/guide-223180/territorio-iu-223181/nta-norme-tecniche-di-attuazione-e-pianificazione-generale-223182,CURRENT_SOURCE_VERIFIED_VARIANT_TO_VERIFY,ACCESS_CONFIRMED_CURRENTNESS_CHAIN_TO_COMPLETE,"Usato come campione di accesso, non per dichiarare una variante corrente non verificata"
093001,Andreis,PN,PUBLIC_CONFIG_DETECTED,Guest_PRGAndreis,Guest_PRGAndreis,A283,AMB_009,EagleFVG PRG public configuration,Public WebGIS configuration; vector services behind application,PUBLIC_CONFIG_DETECTED,0,,,0,,,,,TO_VERIFY_MUNICIPAL_CURRENTNESS,,"Eagle probe proves public configuration only; CER dates/variants are source attributes, not proof of 2026 currentness."
093002,Arba,PN,NOT_DETECTED_BY_STANDARD_PROBE,,,,,Official municipal/Regional source to locate,TO_VERIFY,STANDARD_CONFIG_NOT_DETECTED_NOT_A_NEGATIVE_PROOF,4,20161103,23,0,,,,,TO_VERIFY_MUNICIPAL_CURRENTNESS,,"Eagle probe proves public configuration only; CER dates/variants are source attributes, not proof of 2026 currentness."
093004,Aviano,PN,PUBLIC_CONFIG_DETECTED,Guest_PRGAviano,Guest_PRGAviano,A516,AMB_016,EagleFVG PRG public configuration,Public WebGIS configuration; vector services behind application,PUBLIC_CONFIG_DETECTED,20,20170112,79,24,20170112,79,,,TO_VERIFY_MUNICIPAL_CURRENTNESS,,"Eagle probe proves public configuration only; CER dates/variants are source attributes, not proof of 2026 currentness."
093005,Azzano Decimo,PN,PUBLIC_CONFIG_DETECTED,Guest_PRGAzzanoDecimo,Guest_PRGAzzanoDecimo,A530,AMB_017,EagleFVG PRG public configuration,Public WebGIS configuration; vector services behind application,PUBLIC_CONFIG_DETECTED,61,20170105,71,22,20170105,71,,,TO_VERIFY_MUNICIPAL_CURRENTNESS,,"Eagle probe proves public configuration only; CER dates/variants are source attributes, not proof of 2026 currentness."
093006,Barcis,PN,NOT_DETECTED_BY_STANDARD_PROBE,,,,,Official municipal/Regional source to locate,TO_VERIFY,STANDARD_CONFIG_NOT_DETECTED_NOT_A_NEGATIVE_PROOF,2,20151001,19,0,,,,,TO_VERIFY_MUNICIPAL_CURRENTNESS,,"Eagle probe proves public configuration only; CER dates/variants are source attributes, not proof of 2026 currentness."
093007,Brugnera,PN,NOT_DETECTED_BY_STANDARD_PROBE,,,,,Official municipal/Regional source to locate,TO_VERIFY,STANDARD_CONFIG_NOT_DETECTED_NOT_A_NEGATIVE_PROOF,31,20150423,53,10,20150423,53,,,TO_VERIFY_MUNICIPAL_CURRENTNESS,,"Eagle probe proves public configuration only; CER dates/variants are source attributes, not proof of 2026 currentness."
093008,Budoia,PN,PUBLIC_CONFIG_DETECTED,Guest_PRGBudoia,Guest_PRGBudoia,B247,AMB_025,EagleFVG PRG public configuration,Public WebGIS configuration; vector services behind application,PUBLIC_CONFIG_DETECTED,11,20140821,2014,1,20140821,2014,,,TO_VERIFY_MUNICIPAL_CURRENTNESS,,"Eagle probe proves public configuration only; CER dates/variants are source attributes, not proof of 2026 currentness."
093009,Caneva,PN,PUBLIC_CONFIG_DETECTED,Guest_PRGCaneva,Guest_PRGCaneva,B598,AMB_003,EagleFVG PRG public configuration,Public WebGIS configuration; vector services behind application,PUBLIC_CONFIG_DETECTED,47,20160721,25,2,20160721,25,,,TO_VERIFY_MUNICIPAL_CURRENTNESS,,"Eagle probe proves public configuration only; CER dates/variants are source attributes, not proof of 2026 currentness."
093010,Casarsa della Delizia,PN,PUBLIC_CONFIG_DETECTED,Guest_PRGCasarsaDellaDelizia,Guest_PRGCasarsaDellaDelizia,B940,AMB_078,EagleFVG PRG public configuration,Public WebGIS configuration; vector services behind application,PUBLIC_CONFIG_DETECTED,26,20170119,34,7,20170119,34,,,TO_VERIFY_MUNICIPAL_CURRENTNESS,,"Eagle probe proves public configuration only; CER dates/variants are source attributes, not proof of 2026 currentness."
093011,Castelnovo del Friuli,PN,PUBLIC_CONFIG_DETECTED,Guest_PRGCastelnovoDelFriuli,Guest_PRGCastelnovoDelFriuli,C217,AMB_080,EagleFVG PRG public configuration,Public WebGIS configuration; vector services behind application,PUBLIC_CONFIG_DETECTED,6,20160414,6,0,,,,,TO_VERIFY_MUNICIPAL_CURRENTNESS,,"Eagle probe proves public configuration only; CER dates/variants are source attributes, not proof of 2026 currentness."
093012,Cavasso Nuovo,PN,PUBLIC_CONFIG_DETECTED,Guest_PRGCavassoNuovo,Guest_PRGCavassoNuovo,C385,AMB_058,EagleFVG PRG public configuration,Public WebGIS configuration; vector services behind application,PUBLIC_CONFIG_DETECTED,7,20160602,11,1,20160602,11,,,TO_VERIFY_MUNICIPAL_CURRENTNESS,,"Eagle probe proves public configuration only; CER dates/variants are source attributes, not proof of 2026 currentness."
093013,Chions,PN,PUBLIC_CONFIG_DETECTED,Guest_PRGChions,Guest_PRGChions,C640,AMB_030,EagleFVG PRG public configuration,Public WebGIS configuration; vector services behind application,PUBLIC_CONFIG_DETECTED,43,20160901,46,10,20160901,46,,,TO_VERIFY_MUNICIPAL_CURRENTNESS,,"Eagle probe proves public configuration only; CER dates/variants are source attributes, not proof of 2026 currentness."
093014,Cimolais,PN,NOT_DETECTED_BY_STANDARD_PROBE,,,,,Official municipal/Regional source to locate,TO_VERIFY,STANDARD_CONFIG_NOT_DETECTED_NOT_A_NEGATIVE_PROOF,2,20170928,18,0,,,,,TO_VERIFY_MUNICIPAL_CURRENTNESS,,"Eagle probe proves public configuration only; CER dates/variants are source attributes, not proof of 2026 currentness."
093015,Claut,PN,NOT_DETECTED_BY_STANDARD_PROBE,,,,,Official municipal/Regional source to locate,TO_VERIFY,STANDARD_CONFIG_NOT_DETECTED_NOT_A_NEGATIVE_PROOF,11,20160602,17,0,,,,,TO_VERIFY_MUNICIPAL_CURRENTNESS,,"Eagle probe proves public configuration only; CER dates/variants are source attributes, not proof of 2026 currentness."
093016,Clauzetto,PN,PUBLIC_CONFIG_DETECTED,Guest_PRGClauzetto,Guest_PRGClauzetto,C791,AMB_036,EagleFVG PRG public configuration,Public WebGIS configuration; vector services behind application,PUBLIC_CONFIG_DETECTED,5,20151008,9,0,,,,,TO_VERIFY_MUNICIPAL_CURRENTNESS,,"Eagle probe proves public configuration only; CER dates/variants are source attributes, not proof of 2026 currentness."
093017,Cordenons,PN,NOT_DETECTED_BY_STANDARD_PROBE,,,,,Official municipal/Regional source to locate,TO_VERIFY,STANDARD_CONFIG_NOT_DETECTED_NOT_A_NEGATIVE_PROOF,57,20161208,38,0,,,,,TO_VERIFY_MUNICIPAL_CURRENTNESS,,"Eagle probe proves public configuration only; CER dates/variants are source attributes, not proof of 2026 currentness."
093018,Cordovado,PN,PUBLIC_CONFIG_DETECTED,Guest_PRGCordovado,Guest_PRGCordovado,C993,AMB_073,EagleFVG PRG public configuration,Public WebGIS configuration; vector services behind application,PUBLIC_CONFIG_DETECTED,19,20160421,22,2,20160421,22,,,TO_VERIFY_MUNICIPAL_CURRENTNESS,,"Eagle probe proves public configuration only; CER dates/variants are source attributes, not proof of 2026 currentness."
093019,Erto e Casso,PN,PUBLIC_CONFIG_DETECTED,Guest_PRGErtoECasso,Guest_PRGErtoECasso,D426,AMB_046,EagleFVG PRG public configuration,Public WebGIS configuration; vector services behind application,PUBLIC_CONFIG_DETECTED,1,20180308,21,0,,,,,TO_VERIFY_MUNICIPAL_CURRENTNESS,,"Eagle probe proves public configuration only; CER dates/variants are source attributes, not proof of 2026 currentness."
093020,Fanna,PN,PUBLIC_CONFIG_DETECTED,Guest_PRGFanna,Guest_PRGFanna,D487,AMB_049,EagleFVG PRG public configuration,Public WebGIS configuration; vector services behind application,PUBLIC_CONFIG_DETECTED,3,20131219,5,1,20131219,5,,,TO_VERIFY_MUNICIPAL_CURRENTNESS,,"Eagle probe proves public configuration only; CER dates/variants are source attributes, not proof of 2026 currentness."
093021,Fiume Veneto,PN,PUBLIC_CONFIG_DETECTED,Guest_PRGFiumeVeneto,Guest_PRGFiumeVeneto,D621,AMB_051,EagleFVG PRG public configuration,Public WebGIS configuration; vector services behind application,PUBLIC_CONFIG_DETECTED,63,20171005,60,21,20171005,60,,,TO_VERIFY_MUNICIPAL_CURRENTNESS,,"Eagle probe proves public configuration only; CER dates/variants are source attributes, not proof of 2026 currentness."
093022,Fontanafredda,PN,PUBLIC_CONFIG_DETECTED,Guest_PRGFontanafredda,Guest_PRGFontanafredda,D670,AMB_055,EagleFVG PRG public configuration,Public WebGIS configuration; vector services behind application,PUBLIC_CONFIG_DETECTED,69,20171012,39,60,20171012,39,,,TO_VERIFY_MUNICIPAL_CURRENTNESS,,"Eagle probe proves public configuration only; CER dates/variants are source attributes, not proof of 2026 currentness."
093024,Frisanco,PN,PUBLIC_CONFIG_DETECTED,Guest_PRGFrisanco,Guest_PRGFrisanco,D804,AMB_064,EagleFVG PRG public configuration,Public WebGIS configuration; vector services behind application,PUBLIC_CONFIG_DETECTED,1,20160714,15,1,20160714,15,,,TO_VERIFY_MUNICIPAL_CURRENTNESS,,"Eagle probe proves public configuration only; CER dates/variants are source attributes, not proof of 2026 currentness."
093025,Maniago,PN,PUBLIC_CONFIG_DETECTED,Guest_PRGManiago,Guest_PRGManiago,E889,AMB_134,EagleFVG PRG public configuration,Public WebGIS configuration; vector services behind application,PUBLIC_CONFIG_DETECTED,47,20160915,42,8,20160915,42,,,TO_VERIFY_MUNICIPAL_CURRENTNESS,,"Eagle probe proves public configuration only; CER dates/variants are source attributes, not proof of 2026 currentness."
093026,Meduno,PN,PUBLIC_CONFIG_DETECTED,Guest_PRGMeduno,Guest_PRGMeduno,F089,AMB_140,EagleFVG PRG public configuration,Public WebGIS configuration; vector services behind application,PUBLIC_CONFIG_DETECTED,4,20171221,22,0,,,,,TO_VERIFY_MUNICIPAL_CURRENTNESS,,"Eagle probe proves public configuration only; CER dates/variants are source attributes, not proof of 2026 currentness."
093027,Montereale Valcellina,PN,PUBLIC_CONFIG_DETECTED,Guest_PRGMonterealeValcellina,Guest_PRGMonterealeValcellina,F596,AMB_111,EagleFVG PRG public configuration,Public WebGIS configuration; vector services behind application,PUBLIC_CONFIG_DETECTED,27,20130110,16,3,20130110,16,,,TO_VERIFY_MUNICIPAL_CURRENTNESS,,"Eagle probe proves public configuration only; CER dates/variants are source attributes, not proof of 2026 currentness."
093028,Morsano al Tagliamento,PN,NOT_DETECTED_BY_STANDARD_PROBE,,,,,Official municipal/Regional source to locate,TO_VERIFY,STANDARD_CONFIG_NOT_DETECTED_NOT_A_NEGATIVE_PROOF,15,20150528,21,3,20150528,21,,,TO_VERIFY_MUNICIPAL_CURRENTNESS,,"Eagle probe proves public configuration only; CER dates/variants are source attributes, not proof of 2026 currentness."
093029,Pasiano di Pordenone,PN,PUBLIC_CONFIG_DETECTED,Guest_PRGPasianoDiPordenone,Guest_PRGPasianoDiPordenone,G353,AMB_144,EagleFVG PRG public configuration,Public WebGIS configuration; vector services behind application,PUBLIC_CONFIG_DETECTED,74,20171207,18,8,20171207,18,,,TO_VERIFY_MUNICIPAL_CURRENTNESS,,"Eagle probe proves public configuration only; CER dates/variants are source attributes, not proof of 2026 currentness."
093030,Pinzano al Tagliamento,PN,NOT_DETECTED_BY_STANDARD_PROBE,,,,,Official municipal/Regional source to locate,TO_VERIFY,STANDARD_CONFIG_NOT_DETECTED_NOT_A_NEGATIVE_PROOF,7,20160818,10,0,,,,,TO_VERIFY_MUNICIPAL_CURRENTNESS,,"Eagle probe proves public configuration only; CER dates/variants are source attributes, not proof of 2026 currentness."
093031,Polcenigo,PN,PUBLIC_CONFIG_DETECTED,Guest_PRGPolcenigo,Guest_PRGPolcenigo,G780,AMB_093,EagleFVG PRG public configuration,Public WebGIS configuration; vector services behind application,PUBLIC_CONFIG_DETECTED,9,20151224,26,2,20151224,26,Variante 30 approvata DCC 62 del 14/12/2023 e pubblicata BUR 03/01/2024; elaborati documentano modifiche di zonizzazione/perimetro,https://www.comune.polcenigo.pn.it/it/amministrazione-trasparente-54903/pianificazione-e-governo-del-territorio-54976/variante-n30-al-prgc-247428,APPROVED_CURRENT_SOURCE_VERIFIED,TEMPORAL_AND_GEOMETRIC_MISMATCH,Caso forte di modifica post-CER con impatto geometrico
093032,Porcia,PN,NOT_DETECTED_BY_STANDARD_PROBE,,,,,Official municipal/Regional source to locate,TO_VERIFY,STANDARD_CONFIG_NOT_DETECTED_NOT_A_NEGATIVE_PROOF,42,20160303,31,11,20160303,31,,,TO_VERIFY_MUNICIPAL_CURRENTNESS,,"Eagle probe proves public configuration only; CER dates/variants are source attributes, not proof of 2026 currentness."
093033,Pordenone,PN,NOT_DETECTED_BY_STANDARD_PROBE,,,,,Official municipal/Regional source to locate,TO_VERIFY,STANDARD_CONFIG_NOT_DETECTED_NOT_A_NEGATIVE_PROOF,64,20180215,3,93,20180215,3,,,TO_VERIFY_MUNICIPAL_CURRENTNESS,,"Eagle probe proves public configuration only; CER dates/variants are source attributes, not proof of 2026 currentness."
093034,Prata di Pordenone,PN,PUBLIC_CONFIG_DETECTED,Guest_PRGPrataDiPordenone,Guest_PRGPrataDiPordenone,G994,AMB_101,EagleFVG PRG public configuration,Public WebGIS configuration; vector services behind application,PUBLIC_CONFIG_DETECTED,51,20170525,39,18,20170525,39,,,TO_VERIFY_MUNICIPAL_CURRENTNESS,,"Eagle probe proves public configuration only; CER dates/variants are source attributes, not proof of 2026 currentness."
093035,Pravisdomini,PN,NOT_DETECTED_BY_STANDARD_PROBE,,,,,Official municipal/Regional source to locate,TO_VERIFY,STANDARD_CONFIG_NOT_DETECTED_NOT_A_NEGATIVE_PROOF,37,20170824,30,4,20170824,30,,,TO_VERIFY_MUNICIPAL_CURRENTNESS,,"Eagle probe proves public configuration only; CER dates/variants are source attributes, not proof of 2026 currentness."
093036,Roveredo in Piano,PN,PUBLIC_CONFIG_DETECTED,Guest_PRGRoveredoInPiano,Guest_PRGRoveredoInPiano,H609,AMB_191,EagleFVG PRG public configuration,Public WebGIS configuration; vector services behind application,PUBLIC_CONFIG_DETECTED,28,20170608,33,13,20170608,33,,,TO_VERIFY_MUNICIPAL_CURRENTNESS,,"Eagle probe proves public configuration only; CER dates/variants are source attributes, not proof of 2026 currentness."
093037,Sacile,PN,PUBLIC_CONFIG_DETECTED,Guest_PRGSacile,Guest_PRGSacile,H657,AMB_193,EagleFVG PRG public configuration,Public WebGIS configuration; vector services behind application,PUBLIC_CONFIG_DETECTED,51,20161229,71,30,20161229,71,,,TO_VERIFY_MUNICIPAL_CURRENTNESS,,"Eagle probe proves public configuration only; CER dates/variants are source attributes, not proof of 2026 currentness."
093038,San Giorgio della Richinvelda,PN,PUBLIC_CONFIG_DETECTED,Guest_PRGSanGiorgioDellaRichinvelda,Guest_PRGSanGiorgioDellaRichinvelda,H891,AMB_173,EagleFVG PRG public configuration,Public WebGIS configuration; vector services behind application,PUBLIC_CONFIG_DETECTED,34,20160818,32,16,20160818,32,,,TO_VERIFY_MUNICIPAL_CURRENTNESS,,"Eagle probe proves public configuration only; CER dates/variants are source attributes, not proof of 2026 currentness."
093039,San Martino al Tagliamento,PN,NOT_DETECTED_BY_STANDARD_PROBE,,,,,Official municipal/Regional source to locate,TO_VERIFY,STANDARD_CONFIG_NOT_DETECTED_NOT_A_NEGATIVE_PROOF,15,20170817,24,3,20170817,24,,,TO_VERIFY_MUNICIPAL_CURRENTNESS,,"Eagle probe proves public configuration only; CER dates/variants are source attributes, not proof of 2026 currentness."
093040,San Quirino,PN,PUBLIC_CONFIG_DETECTED,Guest_PRGSanQuirino,Guest_PRGSanQuirino,I136,AMB_153,EagleFVG PRG public configuration,Public WebGIS configuration; vector services behind application,PUBLIC_CONFIG_DETECTED,47,20171214,71,10,20171214,71,,,TO_VERIFY_MUNICIPAL_CURRENTNESS,,"Eagle probe proves public configuration only; CER dates/variants are source attributes, not proof of 2026 currentness."
093041,San Vito al Tagliamento,PN,PUBLIC_CONFIG_DETECTED,Guest_PRGSanVitoAlTagliamento,Guest_PRGSanVitoAlTagliamento,I403,AMB_195,EagleFVG PRG public configuration,Public WebGIS configuration; vector services behind application,PUBLIC_CONFIG_DETECTED,104,20150723,66,13,20150723,66,,,TO_VERIFY_MUNICIPAL_CURRENTNESS,,"Eagle probe proves public configuration only; CER dates/variants are source attributes, not proof of 2026 currentness."
093042,Sequals,PN,PUBLIC_CONFIG_DETECTED,Guest_PRGSequals,Guest_PRGSequals,I621,AMB_202,EagleFVG PRG public configuration,Public WebGIS configuration; vector services behind application,PUBLIC_CONFIG_DETECTED,23,20170126,26,1,20170126,26,,,TO_VERIFY_MUNICIPAL_CURRENTNESS,,"Eagle probe proves public configuration only; CER dates/variants are source attributes, not proof of 2026 currentness."
093043,Sesto al Reghena,PN,PUBLIC_CONFIG_DETECTED,Guest_PRGSestoAlReghena,Guest_PRGSestoAlReghena,I686,AMB_203,EagleFVG PRG public configuration,Public WebGIS configuration; vector services behind application,PUBLIC_CONFIG_DETECTED,35,20170223,42,15,20170223,42,,,TO_VERIFY_MUNICIPAL_CURRENTNESS,,"Eagle probe proves public configuration only; CER dates/variants are source attributes, not proof of 2026 currentness."
093044,Spilimbergo,PN,PUBLIC_CONFIG_DETECTED,Guest_PRGSpilimbergo,Guest_PRGSpilimbergo,I904,AMB_206,EagleFVG PRG public configuration,Public WebGIS configuration; vector services behind application,PUBLIC_CONFIG_DETECTED,36,20161229,46,18,20161229,46,,,TO_VERIFY_MUNICIPAL_CURRENTNESS,,"Eagle probe proves public configuration only; CER dates/variants are source attributes, not proof of 2026 currentness."
093045,Tramonti di Sopra,PN,PUBLIC_CONFIG_DETECTED,Guest_PRGTramontiDiSopra,Guest_PRGTramontiDiSopra,L324,AMB_159,EagleFVG PRG public configuration,Public WebGIS configuration; vector services behind application,PUBLIC_CONFIG_DETECTED,0,,,0,,,,,TO_VERIFY_MUNICIPAL_CURRENTNESS,,"Eagle probe proves public configuration only; CER dates/variants are source attributes, not proof of 2026 currentness."
093046,Tramonti di Sotto,PN,PUBLIC_CONFIG_DETECTED,Guest_PRGTramontiDiSotto,Guest_PRGTramontiDiSotto,L325,AMB_160,EagleFVG PRG public configuration,Public WebGIS configuration; vector services behind application,PUBLIC_CONFIG_DETECTED,4,20110602,8,0,,,,,TO_VERIFY_MUNICIPAL_CURRENTNESS,,"Eagle probe proves public configuration only; CER dates/variants are source attributes, not proof of 2026 currentness."
093047,Travesio,PN,PUBLIC_CONFIG_DETECTED,Guest_PRGTravesio,Guest_PRGTravesio,L347,AMB_162,EagleFVG PRG public configuration,Public WebGIS configuration; vector services behind application,PUBLIC_CONFIG_DETECTED,12,20171005,18,0,,,,,TO_VERIFY_MUNICIPAL_CURRENTNESS,,"Eagle probe proves public configuration only; CER dates/variants are source attributes, not proof of 2026 currentness."
093049,Vito d'Asio,PN,PUBLIC_CONFIG_DETECTED,Guest_PRGVitoDAsio,Guest_PRGVitoDAsio,M085,AMB_183,EagleFVG PRG public configuration,Public WebGIS configuration; vector services behind application,PUBLIC_CONFIG_DETECTED,8,20160922,3,3,20160922,3,,,TO_VERIFY_MUNICIPAL_CURRENTNESS,,"Eagle probe proves public configuration only; CER dates/variants are source attributes, not proof of 2026 currentness."
093050,Vivaro,PN,PUBLIC_CONFIG_DETECTED,Guest_PRGVivaro,Guest_PRGVivaro,M096,AMB_184,EagleFVG PRG public configuration,Public WebGIS configuration; vector services behind application,PUBLIC_CONFIG_DETECTED,13,20161103,20,2,20161103,20,,,TO_VERIFY_MUNICIPAL_CURRENTNESS,,"Eagle probe proves public configuration only; CER dates/variants are source attributes, not proof of 2026 currentness."
093051,Zoppola,PN,PUBLIC_CONFIG_DETECTED,Guest_PRGZoppola,Guest_PRGZoppola,M190,AMB_185,EagleFVG PRG public configuration,Public WebGIS configuration; vector services behind application,PUBLIC_CONFIG_DETECTED,76,20170525,46,45,20170525,46,Servizio comunale PRGC vigente con accesso EagleFVG pubblicato 30/08/2024; numero variante corrente non ricostruito in questo audit,https://www.comune.zoppola.pn.it/it/servizi-206518/piano-regolatore-generale-comunale-prgc-217182,CURRENT_SOURCE_ACCESS_VERIFIED_VARIANT_TO_VERIFY,ACCESS_CONFIRMED_CURRENTNESS_CHAIN_TO_COMPLETE,Non usato come prova di numero variante
093052,Vajont,PN,NOT_DETECTED_BY_STANDARD_PROBE,,,,,Official municipal/Regional source to locate,TO_VERIFY,STANDARD_CONFIG_NOT_DETECTED_NOT_A_NEGATIVE_PROOF,4,20110414,6,11,20110414,6,,,TO_VERIFY_MUNICIPAL_CURRENTNESS,,"Eagle probe proves public configuration only; CER dates/variants are source attributes, not proof of 2026 currentness."
093053,Valvasone Arzene,PN,NOT_DETECTED_BY_STANDARD_PROBE,,,,,Official municipal/Regional source to locate,TO_VERIFY,STANDARD_CONFIG_NOT_DETECTED_NOT_A_NEGATIVE_PROOF,0,,,0,,,,,TO_VERIFY_MUNICIPAL_CURRENTNESS,,"Eagle probe proves public configuration only; CER dates/variants are source attributes, not proof of 2026 currentness."
