"claim_id","source_section","source_excerpt_short","claim_summary","claim_nature","audit_status","current_project_reference","conflict_or_change","external_verification_required","external_source","recommendation","user_decision_required","downstream_effect","notes"
"RC-001","Obiettivo generale","rete iniziale di cinque Hub","Il modello deve individuare una configurazione di cinque Hub in FVG.","USER_REQUIREMENT / REQUIREMENT_OF_COMMISSION","KEEP","DEC-0061; PROJECT_MODEL_CONTRACT_REBASELINE_v01 §1-3","Allineato al MODEL_v2 strategico.","NO","","Mantenere come obiettivo generale.","NO","MODEL_SCOPE","Cinque poligoni territorialmente preferibili, non siti già cantierabili."
"RC-002","Obiettivo generale","cinque localizzazioni sono pertanto uniche","Le stazioni H2 e gli Hub insistono sui medesimi cinque siti.","DESIGN_CHOICE","KEEP","DEC-0006/F1-D1; FASE_1_HUB_DEFINITION_REBASELINED_v03 §2","Coerente con il nucleo minimo comune.","NO","","Mantenere esplicitando che ogni Hub integra H2 pubblico e DC pubblico.","NO","HUB_DEFINITION","Non deriva da AFIR universale."
"RC-003","Obiettivo generale","stazione di rifornimento di idrogeno accessibile al pubblico","Ogni Hub integra H2 accessibile al pubblico.","DESIGN_CHOICE","KEEP","DEC-0006/F1-D1; FASE_1_HUB_DEFINITION_REBASELINED_v03 §2","","NO","","Mantenere.","NO","HUB_DEFINITION",""
"RC-004","Obiettivo generale","ricarica elettrica in corrente continua accessibile al pubblico","Ogni Hub integra ricarica DC pubblica.","DESIGN_CHOICE","KEEP","DEC-0006/F1-D1; FASE_1_HUB_DEFINITION_REBASELINED_v03 §2","","NO","","Mantenere.","NO","HUB_DEFINITION",""
"RC-005","Obiettivo generale","idoneo a servire sia veicoli leggeri sia veicoli pesanti","Il modulo EV deve servire Light e Heavy.","DESIGN_CHOICE","KEEP","DEC-0008/F1-D3; FASE_1_HUB_DEFINITION_REBASELINED_v03 §2","","NO","","Mantenere.","NO","HUB_DEFINITION",""
"RC-006","Obiettivo generale","un sistema di accumulo a batterie (BESS)","BESS è componente obbligatoria di ciascun Hub.","DESIGN_CHOICE","CONFLICT","DEC-0006…DEC-0012; FASE_1_HUB_DEFINITION_REBASELINED_v03 §2","La baseline FROZEN definisce il nucleo minimo senza rendere BESS obbligatorio.","NO","","Non inserire come requisito corrente; richiede successore esplicito della Fase 1 se l'utente vuole renderlo obbligatorio.","YES","HUB_DEFINITION / DQ_UPSTREAM","Nuovo requisito sostanziale."
"RC-007","Obiettivo generale","un elettrolizzatore","Elettrolizzatore in sito è componente obbligatoria di ciascun Hub.","DESIGN_CHOICE","CONFLICT","DEC-0011/F1-D6; FASE_1_HUB_DEFINITION_REBASELINED_v03 §2, §6","Confligge con la decisione FROZEN di non predefinire l'architettura H2 e di trattare l'elettrolisi in sito come opzione.","NO","","Non usare come requisito obbligatorio senza nuova approvazione esplicita.","YES","HUB_DEFINITION / AREA_REQUIREMENT","Potrebbe alterare fabbisogno di superficie ed energia."
"RC-008","Obiettivo generale","infrastrutture di supporto necessarie","Devono esistere infrastrutture di supporto coerenti con le funzioni dell'Hub.","DESIGN_CHOICE","ADAPT","FASE_1_HUB_DEFINITION_REBASELINED_v03 §3, §7","Valido a livello funzionale, non come layout o verifica esecutiva.","NO","","Riformulare come requisito funzionale territoriale solo quando osservabile a scala strategica.","NO","MODEL_SCOPE",""
"RC-009","Elementi dell'analisi","Comunità Energetica Regionale di Area Vasta","Considerare opportunità di integrazione con CER regionale e filiere H2/combustibili alternativi.","EDITORIAL_DESCRIPTION","EDITORIAL_ONLY","PROJECT_MODEL_CONTRACT_REBASELINE_v01 §1, §5","Non è un criterio approvato né un requisito del modello.","NO","","Conservare solo come contesto narrativo salvo futura decisione su indicatori.","NO","RELATION_ONLY",""
"RC-010","Sequenza metodologica","definizione caratteristiche Hub e unità territoriale","Prima si definiscono Hub/unità, dati e universo, poi ammissibilità e valutazione.","METHODOLOGICAL_CHOICE","KEEP","ROADMAP_METODOLOGICA_v2 §3; FASE 1/Fase 2 FROZEN","Allineato alla sequenza MODEL_v2.","NO","","Mantenere aggiornando i nomi agli stadi V2-1…V2-9.","NO","PIPELINE_STRUCTURE",""
"RC-011","Sequenza metodologica","fattibilità energetica ... vincolo o criterio","Il ruolo della fattibilità energetica può essere HARD o SOFT.","METHODOLOGICAL_CHOICE","ADAPT","PROJECT_MODEL_CONTRACT_REBASELINE_v01 §12; ROADMAP_METODOLOGICA_v2 V2-2; DEC-0050/0053","Il proxy energetico macro è accettato come dato; ruolo/formula definitiva appartengono a DQ-02/DQ-03 e non sono approvati.","NO","","Mantenere solo come scelta pendente; non pre-assegnare ruolo HARD.","YES","DQ-02/DQ-03","Capacità reale resta post-model."
"RC-012","Sequenza metodologica","normalizzazione e ponderazione","Gli indicatori soft richiedono trasformazione/normalizzazione e pesi espliciti.","METHODOLOGICAL_CHOICE","KEEP","ROADMAP_METODOLOGICA_v2 V2-4/V2-5","La sequenza è approvata, non i metodi specifici.","NO","","Mantenere distinguendo processo approvato da formule pendenti.","NO","DQ-04…DQ-06",""
"RC-013","Sequenza metodologica","ranking dei singoli siti","È previsto uno score/ranking individuale tracciabile, se adottato.","METHODOLOGICAL_CHOICE","KEEP","PROJECT_MODEL_CONTRACT_REBASELINE_v01 §8; ROADMAP_METODOLOGICA_v2 V2-5","","NO","","Mantenere come fase distinta dalla cinquina.","NO","V2-5",""
"RC-014","Sequenza metodologica","modello esplicito di selezione della migliore combinazione","La cinquina deve essere selezionata con procedura esplicita, non prendendo automaticamente i primi cinque.","METHODOLOGICAL_CHOICE","KEEP","PROJECT_MODEL_CONTRACT_REBASELINE_v01 §2, §8; ROADMAP_METODOLOGICA_v2 V2-6/V2-7","","NO","","Mantenere.","NO","V2-6/V2-7",""
"RC-015","Sequenza metodologica","test di robustezza","La soluzione deve essere sottoposta a sensitivity/robustness quantitativa.","METHODOLOGICAL_CHOICE","KEEP","PROJECT_MODEL_CONTRACT_REBASELINE_v01 §11; ROADMAP_METODOLOGICA_v2 V2-8","","NO","","Mantenere; piano specifico resta DQ-10.","NO","V2-8",""
"RC-016","Sequenza metodologica","verifiche di dettaglio sui cinque siti selezionati","Due diligence puntuale dei cinque finalisti è condizione per consolidare il modello.","METHODOLOGICAL_CHOICE","SUPERSEDED","DEC-0061/0062; PROJECT_MODEL_CONTRACT_REBASELINE_v01 §6; REBASELINE_APPROVAL_AND_PHASE3_CLOSE_v01 §3","MODEL_v2 ha spostato accesso locale definitivo, urbanistica definitiva, proprietà, connessione reale e autorizzazioni in DEFER_POST_MODEL.","NO","","Spostare dopo il risultato strategico come raccomandazione di approfondimento, non come gate del freeze MODEL_v2.","NO","POST_MODEL",""
"RC-017","Sequenza metodologica","non dall’individuazione preventiva dei cinque siti","La selezione deve derivare dall'intero universo e da regole dichiarate, non da giustificazione ex post.","METHODOLOGICAL_CHOICE","KEEP","PROJECT_MODEL_CONTRACT_REBASELINE_v01 §2; CANDIDATE_UNIVERSE_CONTRACT_v01 §1","Coerente con riproducibilità e anti-cherry-picking.","NO","","Mantenere.","NO","MODEL_INTEGRITY",""
"RC-018","AFIR/TEN-T","H2 ... entro 10 km di percorrenza stradale dall’uscita TEN-T","Per AFIR una stazione H2 è 'lungo TEN-T' se sulla rete o entro 10 km stradali dalla più vicina uscita TEN-T.","REGULATORY_REQUIREMENT","KEEP","FASE_1_HUB_DEFINITION_REBASELINED_v03 §4; FASE_2_UNIT_ANALYSIS_CONSOLIDATED_v01 §10","Verificato sul testo AFIR corrente.","YES","EUR-Lex Reg. (UE) 2023/1804 consolidato 08-01-2026, art. 2(3): https://eur-lex.europa.eu/eli/reg/2023/1804/2026-01-08","Mantenere come definizione normativa; calcolo su distanza stradale dall'accesso appropriato.","NO","AFIR_ROLE / ROUTING","Non è una distanza minima tra Hub."
"RC-019","AFIR/TEN-T","per le infrastrutture di ricarica elettrica ... 3 km","Per AFIR una stazione EV è 'lungo TEN-T' se sulla rete o entro 3 km stradali dalla più vicina uscita TEN-T.","REGULATORY_REQUIREMENT","KEEP","FASE_2_UNIT_ANALYSIS_CONSOLIDATED_v01 §10","Verificato sul testo AFIR corrente.","YES","EUR-Lex Reg. (UE) 2023/1804 consolidato 08-01-2026, art. 2(3): https://eur-lex.europa.eu/eli/reg/2023/1804/2026-01-08","Mantenere solo quando il requisito AFIR EV è materialmente rilevante al ruolo assegnato.","NO","AFIR_ROLE",""
"RC-020","AFIR/TEN-T","entro il 31 dicembre 2030","Target H2 AFIR rilevante entro 31/12/2030.","REGULATORY_REQUIREMENT","KEEP","DEC-0007/F1-D2","Verificato.","YES","EUR-Lex Reg. (UE) 2023/1804 consolidato 08-01-2026, art. 6(1): https://eur-lex.europa.eu/eli/reg/2023/1804/2026-01-08","Mantenere con data esplicita.","NO","AFIR_ROLE",""
"RC-021","AFIR/TEN-T","lungo la rete centrale TEN-T ... 200 km","AFIR richiede H2 pubblico lungo TEN-T core con distanza massima 200 km tra stazioni.","REGULATORY_REQUIREMENT","KEEP","DEC-0007/F1-D2; FASE_1_HUB_DEFINITION_REBASELINED_v03 §4","Verificato; non è requisito corrente sulla comprehensive network.","YES","EUR-Lex Reg. (UE) 2023/1804 consolidato 08-01-2026, art. 6(1) e art. 24: https://eur-lex.europa.eu/eli/reg/2023/1804/2026-01-08","Mantenere separando target normativo di rete da vincoli progettuali della cinquina.","NO","DQ-07/DQ-08 IF AFIR ROLE","Art. 24 prevede valutazione futura dell'estensione alla comprehensive."
"RC-022","AFIR/TEN-T","capacità cumulativa minima di 1 t/giorno","La stazione H2 che assolve il target dell'art. 6 deve essere progettata per almeno 1 t/giorno di capacità cumulativa.","REGULATORY_REQUIREMENT","KEEP","DEC-0007/F1-D2","Verificato; F1-D2 limita l'obbligo agli Hub con funzione AFIR/TEN-T pertinente.","YES","EUR-Lex Reg. (UE) 2023/1804 consolidato 08-01-2026, art. 6(1): https://eur-lex.europa.eu/eli/reg/2023/1804/2026-01-08","Mantenere senza imporlo automaticamente a tutti e cinque gli Hub.","NO","AFIR_ROLE / HUB_DIMENSIONING","Esiste deroga di capacità art. 6(4) in condizioni specifiche; non applicarla implicitamente."
"RC-023","AFIR/TEN-T","almeno un erogatore a 700 bar","La stazione H2 con funzione AFIR art. 6 deve avere almeno un dispenser a 700 bar.","REGULATORY_REQUIREMENT","KEEP","DEC-0007/F1-D2","Verificato.","YES","EUR-Lex Reg. (UE) 2023/1804 consolidato 08-01-2026, art. 6(1): https://eur-lex.europa.eu/eli/reg/2023/1804/2026-01-08","Mantenere solo per funzione AFIR pertinente.","NO","AFIR_ROLE / HUB_DIMENSIONING",""
"RC-024","AFIR/TEN-T","200 km riguarda ... rete centrale e non globale","Il target H2 200 km dell'art. 6 riguarda la TEN-T core, non la comprehensive.","REGULATORY_REQUIREMENT","KEEP","DEC-0007/F1-D2; DEC-0035","Confermato dal testo corrente e dalla clausola di review sull'eventuale futura estensione.","YES","EUR-Lex Reg. (UE) 2023/1804 consolidato 08-01-2026, artt. 6 e 24: https://eur-lex.europa.eu/eli/reg/2023/1804/2026-01-08","Mantenere.","NO","AFIR_ROLE",""
"RC-025","AFIR/TEN-T","distanza minima di 10 km tra le cinque localizzazioni","È richiesto un minimo di 10 km tra Hub come requisito di commessa, non AFIR.","USER_REQUIREMENT / REQUIREMENT_OF_COMMISSION","NEW_INFORMATION","PROJECT_MODEL_CONTRACT_REBASELINE_v01 §8; ROADMAP_METODOLOGICA_v2 V2-6","Il vincolo di distanza della cinquina non è ancora approvato; DQ-07/DQ-08 restano pendenti.","NO","","Registrare come requisito utente/commessa pendente; chiedere decisione esplicita prima del configuration contract.","YES","DQ-07/DQ-08","Non confondere con i 10 km AFIR dalla TEN-T exit."
"RC-026","AFIR/TEN-T","preventiva validazione della rete TEN-T","La rete TEN-T FVG deve essere validata prima dell'uso modellistico.","METHODOLOGICAL_CHOICE","SUPERSEDED","DEC-0035; FASE_3_TENT_CROSSWALK_VALIDATION_REVIEW_v01.md","La validazione/crosswalk è già stata completata e accettata.","NO","","Riscrivere al passato: crosswalk validato e disponibile.","NO","RELATION_UPDATE",""
"RC-027","Configurazione energetica","FER all’interno del sito non costituisce requisito obbligatorio","FER fisica in sito non è obbligatoria.","DESIGN_CHOICE","KEEP","DEC-0009/F1-D4; FASE_1_HUB_DEFINITION_REBASELINED_v03 §2","","NO","","Mantenere.","NO","HUB_DEFINITION",""
"RC-028","Configurazione energetica","compatibile con l’eventuale utilizzo diretto dell’energia rinnovabile","L'Hub deve essere compatibile con uso diretto di energia rinnovabile.","DESIGN_CHOICE","KEEP","DEC-0009/F1-D4","Coerente con la decisione FROZEN originaria.","NO","","Mantenere senza tradurlo in un test progettuale puntuale non approvato.","NO","HUB_DEFINITION",""
"RC-029","Configurazione energetica","non assume a priori specifica architettura di approvvigionamento H2","Il modello non predefinisce tube trailer, pipeline o elettrolisi in sito.","DESIGN_CHOICE","KEEP","DEC-0011/F1-D6; FASE_1_HUB_DEFINITION_REBASELINED_v03 §2, §6","","NO","","Mantenere.","NO","HUB_DEFINITION",""
"RC-030","Configurazione energetica","tube trailer o pipeline ed elettrolisi in sito ... esigenze territoriali","Le architetture H2 rilevano solo per esigenze localizzative osservabili.","METHODOLOGICAL_CHOICE","KEEP","DEC-0011/F1-D6; FASE_1_HUB_DEFINITION_REBASELINED_v03 §3","","NO","","Mantenere.","NO","CRITERIA_INPUT",""
"RC-031","Configurazione energetica","idrogeno rinnovabile o certificato non ... requisito","H2 rinnovabile/certificato non è requisito universale del nucleo minimo.","DESIGN_CHOICE","KEEP","DEC-0010/F1-D5; FASE_1_HUB_DEFINITION_REBASELINED_v03 §2","","NO","","Mantenere.","NO","HUB_DEFINITION",""
"RC-032","Configurazione energetica","Biocarburanti ... non rientrano nel nucleo minimo","Biocarburanti e altri vettori restano opzionali.","DESIGN_CHOICE","KEEP","DEC-0012/F1-D7; FASE_1_HUB_DEFINITION_REBASELINED_v03 §2","","NO","","Mantenere.","NO","HUB_DEFINITION",""
"RC-033","Base urbanistica","Mosaicatura PRG 2018 ... HISTORICAL ONLY / SUPPORT ONLY","CER/Mosaicatura PRG 2018 è solo fallback storico/supporto.","FACT_OBSERVED","KEEP","DEC-0032/0048; CANDIDATE_UNIVERSE_CONTRACT_v01 §4 Tier S4; DEC-0065","","NO","","Mantenere.","NO","V2-1 SOURCE_HIERARCHY",""
"RC-034","Base urbanistica","approccio current-first / ibrido","La generazione candidati usa urbanistica ufficiale best-available current-first.","METHODOLOGICAL_CHOICE","KEEP","DEC-0065; CANDIDATE_UNIVERSE_CONTRACT_v01 §3-4","","NO","","Mantenere usando la formulazione DQ-01 vigente.","NO","V2-1",""
"RC-035","Base urbanistica","Per ogni Comune dovranno essere identificati il PRGC ... verificandone atto/data","È obbligatoria verifica completa della vigenza urbanistica per tutti i 215 Comuni prima dei candidati.","METHODOLOGICAL_CHOICE","SUPERSEDED","DEC-0048; DEC-0062; CANDIDATE_UNIVERSE_CONTRACT_v01 §4","MODEL_v2 usa best-available con flag di currentness; verifica giuridica definitiva è post-model.","NO","","Sostituire con gerarchia Tier S1–S5 e flag PLANNING_CURRENTNESS_NOT_VERIFIED.","NO","V2-1 / POST_MODEL",""
"RC-036","Base urbanistica","EagleFVG ... solo quando dimostrabile corrispondenza con variante vigente","Geometrie regionali non correnti non possono essere usate fino a dimostrazione puntuale di vigenza.","METHODOLOGICAL_CHOICE","SUPERSEDED","DEC-0048; CANDIDATE_UNIVERSE_CONTRACT_v01 §4 Tier S2/S3","Sono ammesse come proxy ufficiale best-available con flag, senza attestazione di vigenza.","NO","","Riformulare secondo source tier DQ-01.","NO","V2-1",""
"RC-037","Rete stradale e routing","grafo stradale ufficiale circa 75.500 segmenti ... non validato routing","Il grafo regionale non è idoneo da solo al routing di produzione Light/Heavy.","FACT_OBSERVED","KEEP","DEC-0054/0055; PROJECT_SOURCE_OF_TRUTH §10","Resta vero come limite del dataset, ma non è più blocker.","NO","","Conservare solo come contesto/supporto storico se utile.","NO","RELATION_CONTEXT",""
"RC-038","Rete stradale e routing","OSM ... supporto e confronto","OSM frozen può essere usato solo come supporto/confronto nel 5 HUB.","METHODOLOGICAL_CHOICE","SUPERSEDED","DEC-0054/0055; REVIEW_CHAT_3.10_LIGHT_HEAVY_BASELINES_v01.md","È stato approvato il riuso macro Light di G_OSM_operativo, Gamma_OSM e OD_PATH_SYSTEM_OSM FROZEN.","NO","","Riscrivere: OSM/Gamma/OD paths sono baseline operative macro Light; Heavy usa baseline Heavy/Speth approvata.","NO","ROUTING_BASELINE",""
"RC-039","Rete stradale e routing","eventuale utilizzo come rete operativa ... dovrà essere formalmente verificato","La scelta della rete Light operativa è ancora aperta.","METHODOLOGICAL_CHOICE","SUPERSEDED","DEC-0054/0055; REVIEW_CHAT_3.10_LIGHT_HEAVY_BASELINES_v01.md","Scelta già risolta per il riuso macro approvato.","NO","","Eliminare come task aperto.","NO","ROUTING_BASELINE",""
"RC-040","Rete stradale e routing","selezione e validazione della rete di routing","Occorre ancora selezionare/validare ex novo una rete region-wide per Light.","METHODOLOGICAL_CHOICE","SUPERSEDED","DEC-0054/0055","Non è necessario ricostruire il routing Light region-wide.","NO","","Sostituire con riuso frozen e QA/limiti già documentati.","NO","ROUTING_BASELINE",""
"RC-041","Rete stradale e routing","restrizioni specifiche per i veicoli pesanti","Serve verifica puntuale delle restrizioni Heavy per ogni candidato nel core.","METHODOLOGICAL_CHOICE","SUPERSEDED","DEC-0055; DEC-0062 successor disposition; FASE_1_HUB_DEFINITION_REBASELINED_v03 §5","Heavy macro resta core; restrizioni/accessibilità locale definitive sono DEFER_POST_MODEL salvo futura regola GIS approvata.","NO","","Trattare eventuale criticità locale come flag/post-model.","NO","POST_MODEL",""
"RC-042","Rete stradale e routing","procedura di creazione e validazione degli accessi reali","Tutti gli accessi reali devono essere creati e validati prima del modello.","METHODOLOGICAL_CHOICE","ADAPT","FASE_2_UNIT_ANALYSIS_CONSOLIDATED_v01 §5, §10; DEC-0062","Gli access point restano geometrie ausiliarie se richieste da un indicatore approvato; progettazione/validazione definitiva è post-model.","NO","","Usare accessi/road anchor solo per misure che li richiedono; niente due diligence generalizzata.","YES","DQ-02/DQ-03 IF ACCESS INDICATOR",""
"RC-043","TEN-T crosswalk","tre livelli core, extended core, comprehensive","La TEN-T corrente è articolata nei tre livelli indicati.","FACT_OBSERVED","KEEP","DEC-0035; FASE_3_TENT_CROSSWALK_VALIDATION_REVIEW_v01.md","","NO","","Mantenere come contesto del crosswalk.","NO","TEN_T_BASELINE",""
"RC-044","TEN-T crosswalk","11 sezioni ... 6 assi ... 9 CORE ... 2 COMPREHENSIVE-only","Il crosswalk FVG validato contiene 11 sezioni, 6 assi, 9 core, 0 extended core, 2 comprehensive-only.","FACT_OBSERVED","KEEP","DEC-0035; PROJECT_SOURCE_OF_TRUTH §10","","NO","","Mantenere.","NO","TEN_T_BASELINE",""
"RC-045","TEN-T crosswalk","costruzione e validazione completa ... passaggio preliminare","Il crosswalk TEN-T deve ancora essere completato/validato.","FACT_OBSERVED","SUPERSEDED","DEC-0035; FASE_3_TENT_CROSSWALK_VALIDATION_REVIEW_v01.md","Crosswalk già validato e accettato.","NO","","Riscrivere al passato.","NO","RELATION_UPDATE",""
"RC-046","TEN-T uscite","rampa si separa dalla carreggiata TEN-T","Nearest exit è ancorata al punto di divergenza della rampa dalla carreggiata TEN-T.","METHODOLOGICAL_CHOICE","KEEP","DEC-0036; FASE_3_TENT_EXIT_RELEVANCE_SCREENING_v01.md","","NO","","Mantenere.","NO","AFIR_DISTANCE",""
"RC-047","TEN-T uscite","non ... rotatorie o normali intersezioni a raso a un’uscita","Nel dominio corrente non si introducono pseudo-uscite a raso.","METHODOLOGICAL_CHOICE","KEEP","DEC-0036","","NO","","Mantenere; riaprire solo se cambia il dominio TEN-T/rete.","NO","AFIR_DISTANCE",""
"RC-048","Ambiente","presenza di un vincolo ... non determina automaticamente HARD o SOFT","Un tematismo ambientale non produce automaticamente esclusione o punteggio.","METHODOLOGICAL_CHOICE","KEEP","PROJECT_MODEL_CONTRACT_REBASELINE_v01 §9, §12; DEC-0039…0043","","NO","","Mantenere.","NO","DQ-02/DQ-03",""
"RC-049","PGRA","semplice presenza ... non determina automaticamente l’esclusione","Pericolosità/allagabilità PGRA non è hard per sola presenza.","METHODOLOGICAL_CHOICE","KEEP","DEC-0039; PROJECT_MODEL_CONTRACT_REBASELINE_v01 §12","","NO","","Mantenere.","NO","DQ-02/DQ-03",""
"RC-050","PGRA","esclusione quando disciplina vigente rende intervento incompatibile","Una incompatibilità normativa PGRA può generare hard exclusion.","METHODOLOGICAL_CHOICE","ADAPT","DEC-0039; PROJECT_MODEL_CONTRACT_REBASELINE_v01 §9, §12","Principio accettato, ma nel MODEL_v2 una regola HARD deve essere operazionalizzata e approvata in DQ-02/DQ-03.","NO","","Non codificare hard finché il contratto criteri non lo approva.","YES","DQ-02/DQ-03",""
"RC-051","PGRA","negli altri casi ... fattori negativi","PGRA può contribuire negativamente allo scoring.","METHODOLOGICAL_CHOICE","ADAPT","DEC-0039; PROJECT_MODEL_CONTRACT_REBASELINE_v01 §12","Ruolo soft è coerente come proposta, ma formula/peso non sono approvati.","NO","","Portare a DQ-02/DQ-04/DQ-05.","YES","DQ-02/DQ-04/DQ-05",""
"RC-052","PAI/frane","PAI vigente ... riferimento operativo","PAI vigente è riferimento normativo principale per frane.","FACT_OBSERVED","KEEP","DEC-0040/0058; REBASELINE_APPROVAL_AND_PHASE3_CLOSE_v01 §3","","NO","","Mantenere come supporto macro/flag; pointwise post-model.","NO","ENVIRONMENT_BASELINE",""
"RC-053","PAI/frane","Catasto Frane ... funzione conoscitiva","Catasto Frane/IFFI non genera automaticamente esclusione o score.","METHODOLOGICAL_CHOICE","KEEP","DEC-0040/0058","","NO","","Mantenere.","NO","ENVIRONMENT_BASELINE",""
"RC-054","Natura 2000","non ... esclusione automatica ... sola intersezione o distanza","Natura 2000 non genera hard/penalty automatici per distanza/intersezione.","METHODOLOGICAL_CHOICE","KEEP","DEC-0041; DEC-0063; REBASELINE_APPROVAL_AND_PHASE3_CLOSE_v01 §5","","NO","","Mantenere.","NO","DQ-02/DQ-03",""
"RC-055","Natura 2000","pre-screening ... prevalutazioni regionali","Il modello usa pre-screening e prevalutazioni come supporto/flag.","METHODOLOGICAL_CHOICE","KEEP","DEC-0041; REVIEW_CHAT_3.12_NATURA2000_v01.md; DEC-0063","","NO","","Mantenere senza equivalenza a VINCA.","NO","ENVIRONMENT_BASELINE",""
"RC-056","Natura 2000","non potrà dichiarare autonomamente superata la VINCA","Il modello non certifica VINCA_PASSED.","METHODOLOGICAL_CHOICE","KEEP","DEC-0041; DEC-0063","","NO","","Mantenere.","NO","POST_MODEL",""
"RC-057","Parchi/riserve","non determinano automaticamente eliminazione","Parchi e riserve non sono hard per sola intersezione.","METHODOLOGICAL_CHOICE","KEEP","DEC-0042; PROJECT_MODEL_CONTRACT_REBASELINE_v01 §12","","NO","","Mantenere; eventuale incompatibilità hard richiede regola operativa approvata.","NO","DQ-02/DQ-03",""
"RC-058","Biotopi","40 poligoni ... lacune verificate puntualmente sui finalisti","Il gap biotopi residuo va gestito con flag e verifica puntuale.","METHODOLOGICAL_CHOICE","ADAPT","DEC-0042; DEC-0062 successor disposition","Il controllo puntuale non è gate del core; è post-model.","NO","","Mantenere gap/flag nel core e spostare verifica puntuale post-model.","NO","POST_MODEL",""
"RC-059","Prati stabili","flag DEROGA_REQUIRED","Intersezione con prati stabili tutelati genera DEROGA_REQUIRED, non hard automatico.","METHODOLOGICAL_CHOICE","KEEP","DEC-0042; REBASELINE_APPROVAL_AND_PHASE3_CLOSE_v01 §3","","NO","","Mantenere come flag.","NO","DQ-02/DQ-03",""
"RC-060","Prati stabili","penalizzazione da definire in fase di scoring","È prevista necessariamente una penalizzazione per prati stabili.","METHODOLOGICAL_CHOICE","ADAPT","DEC-0062; REBASELINE_APPROVAL_AND_PHASE3_CLOSE_v01 §3","La re-baseline revoca qualsiasi penalizzazione pre-approvata; eventuale soft criterion è futuro.","NO","","Sostituire con 'eventuale penalizzazione solo se approvata in DQ-02/DQ-05'.","YES","DQ-02/DQ-05",""
"RC-061","PPR","semplice intersezione ... non produce automaticamente esclusione o penalizzazione","PPR non genera hard/score automatico per intersezione.","METHODOLOGICAL_CHOICE","KEEP","DEC-0043; PROJECT_MODEL_CONTRACT_REBASELINE_v01 §12","","NO","","Mantenere.","NO","DQ-02/DQ-03",""
"RC-062","PPR","PPR_CHECK_REQUIRED","Beni ex artt. 136/142 e contesti prescrittivi generano flag di verifica.","METHODOLOGICAL_CHOICE","KEEP","DEC-0043; PROJECT_MODEL_CONTRACT_REBASELINE_v01 §12","","NO","","Mantenere come flag, non come autorizzazione.","NO","ENVIRONMENT_FLAGS",""
"RC-063","PPR","non è previsto ... punteggio PPR generico","Nessun punteggio PPR generico è approvato.","METHODOLOGICAL_CHOICE","KEEP","DEC-0043; DEC-0062","","NO","","Mantenere.","NO","DQ-02/DQ-05",""
"RC-064","Energia","prossimità geometrica ... non equivalente capacità","Vicinanza a linea/cabina non equivale a capacità elettrica disponibile.","PROXY","KEEP","DEC-0050/0053; PROJECT_MODEL_CONTRACT_REBASELINE_v01 §10","","NO","","Mantenere in evidenza.","NO","ENERGY_PROXY",""
"RC-065","Energia","aree convenzionali cabine primarie non ... posizione fisica né capacità","Le aree convenzionali non sono né punto fisico né capacità disponibile.","PROXY","KEEP","DEC-0050/0053; REVIEW_CHAT_3.5_ELECTRIC_GRID_PROXY_v01.md","","NO","","Mantenere.","NO","ENERGY_PROXY",""
"RC-066","Energia","indicatori indiretti ... qualificati come proxy","Ogni indicatore elettrico indiretto deve dichiarare significato e limiti.","METHODOLOGICAL_CHOICE","KEEP","DEC-0050/0053; PROJECT_MODEL_CONTRACT_REBASELINE_v01 §10","","NO","","Mantenere.","NO","DQ-02/DQ-03",""
"RC-067","Energia","distanza dalla cabina primaria","Usare la distanza dalla cabina primaria come indicatore di scoring energetico.","METHODOLOGICAL_CHOICE","NEW_INFORMATION","DEC-0053; ROADMAP_METODOLOGICA_v2 V2-2/V2-3","Baseline dati/proxy approvata, ma metrica, target, formula e ruolo dell'indicatore non lo sono.","NO","","Portare a DQ-02/DQ-03; evitare di chiamarla capacità.","YES","DQ-02/DQ-03",""
"RC-068","Energia","ranking ... rinviando verifica energetica a fase successiva","Se i dati energetici non sono completi, il ranking può omettere interamente l'energia.","METHODOLOGICAL_CHOICE","ADAPT","DEC-0050/0053; PROJECT_MODEL_CONTRACT_REBASELINE_v01 §5, §12","MODEL_v2 dispone di proxy macro accettato; l'inclusione concreta resta DQ-02, mentre la capacità reale è comunque post-model.","NO","","Non prescrivere omissione automatica; decidere il ruolo del proxy nel contratto criteri.","YES","DQ-02/DQ-03",""
"RC-069","Domanda e contesto","disponibilità di una fonte non comporta automaticamente indicatore","Un dataset entra solo se risponde a una domanda decisionale e ha formula/semantica definite.","METHODOLOGICAL_CHOICE","KEEP","PROJECT_MODEL_CONTRACT_REBASELINE_v01 §5; ROADMAP_METODOLOGICA_v2 V2-2","","NO","","Mantenere.","NO","DQ-02/DQ-03",""
"RC-070","Universo candidati","categorie, estrazione, contiguità, merge/split, duplicati","L'universo deve avere regole esplicite di generazione e geometria.","METHODOLOGICAL_CHOICE","ADAPT","DEC-0065; CANDIDATE_UNIVERSE_CONTRACT_v01","Il concetto è valido ma ora esistono regole DQ-01 specifiche G1–G5, split, canonicalizzazione e no merge generalizzato.","NO","","Sostituire il testo generico con DQ-01 ACCEPTED.","NO","V2-1",""
"RC-071","Universo candidati","superficie minima ... da motivare","La superficie minima era ancora da definire.","METHODOLOGICAL_CHOICE","SUPERSEDED","DEC-0065; CANDIDATE_UNIVERSE_CONTRACT_v01 §10","È ora fissata HARD a 8.000 m² lordi post-repair/split.","NO","","Aggiornare a 8.000 m² e provenienza da consulenza tecnica comunicata dall'utente.","NO","V2-1",""
"RC-072","Universo candidati","sistema di riferimento cartografico operativo","Il CRS operativo deve essere esplicito e documentato.","METHODOLOGICAL_CHOICE","KEEP","CANDIDATE_UNIVERSE_CONTRACT_v01 §14-15","Valore numerico può essere parametro tecnico di implementazione, non decisione metodologica implicita.","NO","","Mantenere.","NO","V2-1 IMPLEMENTATION",""
"RC-073","Ammissibilità","superficie insufficiente","Superficie <8.000 m² è esclusione hard dall'universo.","METHODOLOGICAL_CHOICE","ADAPT","DEC-0065; CANDIDATE_UNIVERSE_CONTRACT_v01 §10-11","Il principio generico è ora specificato esattamente in DQ-01.","NO","","Usare MIN_AREA_8000_NOT_MET.","NO","V2-1",""
"RC-074","Ammissibilità","incompatibilità urbanistica","L'incompatibilità urbanistica deve essere hard filter regionale nel core.","METHODOLOGICAL_CHOICE","ADAPT","DEC-0065; PROJECT_MODEL_CONTRACT_REBASELINE_v01 §9, §12","DQ-01 non approva questo hard; eventuale hard sostanziale è DQ-02/DQ-03 e deve essere riproducibile alla scala strategica.","NO","","Non applicare come hard finché non approvato.","YES","DQ-02/DQ-03",""
"RC-075","Ammissibilità","impossibilità di garantire un accesso adeguato","Accesso locale inadeguato è hard exclusion nel core.","METHODOLOGICAL_CHOICE","ADAPT","DEC-0062; FASE_1_HUB_DEFINITION_REBASELINED_v03 §5; CANDIDATE_UNIVERSE_CONTRACT_v01 §12","Accessibilità macro può entrare in criteri futuri; accesso locale definitivo è post-model.","NO","","Non usare come hard locale automatico; proporre eventuale metrica macro in DQ-02/DQ-03.","YES","DQ-02/DQ-03 / POST_MODEL",""
"RC-076","Ammissibilità","mancato rispetto condizioni AFIR/TEN-T eventualmente applicabili","AFIR/TEN-T può rendere un sito non ammissibile.","METHODOLOGICAL_CHOICE","ADAPT","FASE_1_HUB_DEFINITION_REBASELINED_v03 §4; ROADMAP_METODOLOGICA_v2 V2-2/V2-6","La funzione AFIR e il suo ruolo HARD/SOFT/configurazione non sono ancora approvati.","YES","EUR-Lex Reg. (UE) 2023/1804 consolidato 08-01-2026","Portare la regola operativa a DQ-02/DQ-03 e/o DQ-07/DQ-08.","YES","DQ-02/DQ-03/DQ-07/DQ-08",""
"RC-077","Scoring","pesi espliciti, motivati, configurabili, documentati, sensitivity","I pesi devono essere tracciabili/configurabili e sottoposti a sensibilità.","METHODOLOGICAL_CHOICE","KEEP","ROADMAP_METODOLOGICA_v2 V2-5/V2-8; PROJECT_MODEL_CONTRACT_REBASELINE_v01 §2","","NO","","Mantenere come requisito di qualità, senza fissare valori.","NO","DQ-05/DQ-10",""
"RC-078","Scoring","peso intero positivo 1–5 per criterio","I pesi devono essere interi positivi da 1 a 5.","METHODOLOGICAL_CHOICE","NEW_INFORMATION","ROADMAP_METODOLOGICA_v2 V2-5; DEC-0061/0062","Nessuna scala dei pesi è approvata; DQ-05 è pendente.","NO","","Inserire solo come opzione metodologica da sottoporre all'utente.","YES","DQ-05",""
"RC-079","Scoring","valore [0,1] da normalizzazione min-max","Tutti gli indicatori devono usare min-max [0,1].","METHODOLOGICAL_CHOICE","NEW_INFORMATION","ROADMAP_METODOLOGICA_v2 V2-4; DEC-0061/0062","Normalizzazione esatta è DQ-04; il min-max non è approvato né necessariamente adatto a tutti gli indicatori.","NO","","Valutare in DQ-04 con estremi, campione e outlier espliciti.","YES","DQ-04",""
"RC-080","Scoring","somma dei prodotti peso × valore normalizzato","Lo score individuale deve essere una somma pesata additiva.","METHODOLOGICAL_CHOICE","NEW_INFORMATION","ROADMAP_METODOLOGICA_v2 V2-5; PROJECT_MODEL_CONTRACT_REBASELINE_v01 §8","Formula di aggregazione DQ-06 non approvata.","NO","","Portare a DQ-06; testare compensabilità e tracciabilità.","YES","DQ-06",""
"RC-081","Scoring criteri","accessibilità ... classe strada servente","Classe/accessibilità stradale come criterio soft.","METHODOLOGICAL_CHOICE","NEW_INFORMATION","PROJECT_MODEL_CONTRACT_REBASELINE_v01 §5; ROADMAP_METODOLOGICA_v2 V2-2","Dominio accessibilità è ammesso, indicatore specifico non approvato.","NO","","Definire formula, geometria, unità e significato in DQ-02/DQ-03.","YES","DQ-02/DQ-03",""
"RC-082","Scoring criteri","domanda logistica e industriale","Domanda logistica/industriale come criterio soft.","METHODOLOGICAL_CHOICE","NEW_INFORMATION","PROJECT_MODEL_CONTRACT_REBASELINE_v01 §5; ROADMAP_METODOLOGICA_v2 V2-2","Dominio coerente, indicatore specifico pendente.","NO","","Portare a DQ-02/DQ-03.","YES","DQ-02/DQ-03",""
"RC-083","Scoring criteri","flussi veicolari intercettabili","Flussi Light/Heavy intercettabili come criterio soft.","METHODOLOGICAL_CHOICE","NEW_INFORMATION","DEC-0054/0055; PROJECT_MODEL_CONTRACT_REBASELINE_v01 §5","Baseline macro esiste; formula/indicatore pendente.","NO","","Portare a DQ-02/DQ-03 usando baseline Light/Heavy approvate.","YES","DQ-02/DQ-03",""
"RC-084","Scoring criteri","compatibilità territoriale","Compatibilità territoriale generica come criterio.","METHODOLOGICAL_CHOICE","ADAPT","PROJECT_MODEL_CONTRACT_REBASELINE_v01 §9, §12","Troppo generico e rischia doppio conteggio tra hard/soft/flag.","NO","","Scomporre in indicatori/flag non ridondanti nel contratto criteri.","YES","DQ-02/DQ-03",""
"RC-085","Scoring criteri","presenza di infrastrutture a idrogeno preesistenti","Presenza/prossimità di infrastrutture H2 esistenti o programmate come criterio.","METHODOLOGICAL_CHOICE","NEW_INFORMATION","ROADMAP_METODOLOGICA_v2 V2-2","Non è indicatore approvato; Monfalcone rende il tema materialmente rilevante.","YES","APT/NAHV/FVG sources listed in RC-099…RC-104","Definire prima la semantica: sinergia, ridondanza, copertura o contesto; evitare premio automatico.","YES","DQ-02/DQ-03/DQ-07",""
"RC-086","Output ranking","raw, normalizzati, pesi, contributi, score, posizione","Lo score deve essere decomponibile e tracciabile per candidato.","METHODOLOGICAL_CHOICE","KEEP","PROJECT_MODEL_CONTRACT_REBASELINE_v01 §2; ROADMAP_METODOLOGICA_v2 V2-3…V2-5","","NO","","Mantenere; campi finali dipenderanno dai contratti approvati.","NO","V2-3…V2-5",""
"RC-087","Configurazione cinque Hub","suddivisione geografica FVG in cinque macro aree","Dividere il FVG in esattamente cinque macro-aree ai fini della selezione.","METHODOLOGICAL_CHOICE","NEW_INFORMATION","PROJECT_MODEL_CONTRACT_REBASELINE_v01 §8; ROADMAP_METODOLOGICA_v2 V2-6","Nessun vincolo territoriale/diversificazione è approvato.","NO","","Portare a DQ-07/DQ-08; motivare necessità rispetto a ottimizzazione globale.","YES","DQ-07/DQ-08",""
"RC-088","Configurazione cinque Hub","rendere costante lunghezza rete TEN-T","Costruire macro-aree bilanciando la lunghezza TEN-T.","METHODOLOGICAL_CHOICE","NEW_INFORMATION","ROADMAP_METODOLOGICA_v2 V2-6","Nuovo criterio di partizionamento non approvato.","NO","","Valutare razionale, metrica e interazione con AFIR prima di approvare.","YES","DQ-07/DQ-08",""
"RC-089","Configurazione cinque Hub","rapporto addetti manifatturieri / regionali","Costruire macro-aree bilanciando la quota di addetti manifatturieri.","METHODOLOGICAL_CHOICE","NEW_INFORMATION","ROADMAP_METODOLOGICA_v2 V2-6","Nuovo criterio di partizionamento non approvato.","NO","","Valutare coerenza con obiettivo e rischio di doppio conteggio con domanda industriale.","YES","DQ-07/DQ-08",""
"RC-090","Configurazione cinque Hub","per ciascuna macro-area","Selezionare esattamente un Hub per ciascuna delle cinque macro-aree.","METHODOLOGICAL_CHOICE","NEW_INFORMATION","PROJECT_MODEL_CONTRACT_REBASELINE_v01 §8","Vincolo implicito non approvato.","NO","","Renderlo esplicito e sottoporlo all'utente; non inferirlo dal numero di macro-aree.","YES","DQ-07/DQ-08",""
"RC-091","Configurazione cinque Hub","10 migliori candidati","Limitare l'ottimizzazione ai top-10 per macro-area.","METHODOLOGICAL_CHOICE","NEW_INFORMATION","ROADMAP_METODOLOGICA_v2 V2-7","Pre-screen top-k può escludere l'ottimo globale e non è approvato.","NO","","Usare solo se giustificato da costo computazionale e dopo test di non perdita; altrimenti ottimizzare sull'insieme ammissibile.","YES","DQ-09",""
"RC-092","Configurazione cinque Hub","10^5=100000 cinquine","Con 10 candidati in 5 macro-aree e un Hub per area, l'enumerazione produce 100.000 combinazioni.","ASSUMPTION","ADAPT","ROADMAP_METODOLOGICA_v2 V2-6/V2-7","Aritmeticamente corretto solo se sono approvate le assunzioni macro-aree, top-10 e uno-per-area.","NO","","Trattare come conseguenza computazionale condizionata, non requisito.","YES","DQ-07/DQ-09",""
"RC-093","Configurazione cinque Hub","5 migliori ... 5^5=3125","Con top-5 in 5 macro-aree e un Hub per area, l'enumerazione produce 3.125 combinazioni.","ASSUMPTION","ADAPT","ROADMAP_METODOLOGICA_v2 V2-6/V2-7","Aritmeticamente corretto ma metodo top-5 non approvato.","NO","","Trattare come scenario metodologico, non baseline.","YES","DQ-07/DQ-09",""
"RC-094","Configurazione cinque Hub","qualità della combinazione ... non soltanto singoli","La funzione finale deve valutare la cinquina, non solo gli score individuali.","METHODOLOGICAL_CHOICE","KEEP","PROJECT_MODEL_CONTRACT_REBASELINE_v01 §8; ROADMAP_METODOLOGICA_v2 V2-6","","NO","","Mantenere; funzione esatta resta DQ-07/DQ-08.","NO","DQ-07/DQ-08",""
"RC-095","Robustezza","variazione pesi, soglie, superficie, indicatori, energia, ambiente, obiettivo","La robustness deve perturbare assunzioni sostanziali e produrre metriche quantitative.","METHODOLOGICAL_CHOICE","KEEP","ROADMAP_METODOLOGICA_v2 V2-8","Set esatto/range è DQ-10.","NO","","Mantenere come principi; non pre-fissare scenari non approvati.","NO","DQ-10",""
"RC-096","Finalisti","accesso stradale effettivo","Verifica definitiva dell'accesso locale dei finalisti è parte del core prima del freeze.","METHODOLOGICAL_CHOICE","SUPERSEDED","DEC-0062; FASE_1_HUB_DEFINITION_REBASELINED_v03 §5","DEFER_POST_MODEL.","NO","","Spostare tra raccomandazioni post-model.","NO","POST_MODEL",""
"RC-097","Finalisti","conformità urbanistica","Verifica urbanistica definitiva dei finalisti è gate del core.","METHODOLOGICAL_CHOICE","SUPERSEDED","DEC-0062 successor disposition DEC-0048","DEFER_POST_MODEL; nel core restano source tier/currentness flags.","NO","","Spostare post-model.","NO","POST_MODEL",""
"RC-098","Finalisti","proprietà e disponibilità","Verifica proprietà/disponibilità è gate del core.","METHODOLOGICAL_CHOICE","SUPERSEDED","DEC-0061/0062; REBASELINE_APPROVAL_AND_PHASE3_CLOSE_v01 §3","Esplicitamente fuori scope core.","NO","","Spostare post-model.","NO","POST_MODEL",""
"RC-099","Finalisti","possibilità di connessione energetica","Capacità/punto/costo reale di connessione è gate del core.","METHODOLOGICAL_CHOICE","SUPERSEDED","DEC-0050/0053; DEC-0062","Nel core solo proxy; verifica reale post-model.","NO","","Spostare post-model.","NO","POST_MODEL",""
"RC-100","Finalisti","criticità bloccante ... riaprire fase precedente","Una criticità post-model riapre automaticamente il modello e la selezione.","METHODOLOGICAL_CHOICE","SUPERSEDED","PROJECT_MODEL_CONTRACT_REBASELINE_v01 §6; ROADMAP_METODOLOGICA_v2 §4","Post-model non è un gate automatico del freeze MODEL_v2.","NO","","Riformulare: può motivare una nuova iterazione/decisione utente, non riapertura automatica.","YES","POST_MODEL / CHANGE_CONTROL",""
"RC-101","Monfalcone Lisert","stazione H2 prevista presso nuova sede APT","Esiste un progetto APT per impianto H2 a Monfalcone Lisert.","FACT_OBSERVED","NEW_INFORMATION","Nessuna DEC corrente specifica su Monfalcone","Verificato esternamente.","YES","APT EcoMove: https://www.aptgorizia.it/gli-impianti-apt-ecomove/ ; NAHV catalogue: https://www.nahv.eu/wp-content/uploads/2025/05/NAHV-testbeds-catalogue-may-2025.pdf","Integrare come infrastruttura H2 di contesto verificata, non come Hub selezionato automaticamente.","NO","CONTEXT / DQ-02/DQ-07",""
"RC-102","Monfalcone Lisert","nuova sede APT ... Monfalcone Lisert","Soggetto APT Gorizia e localizzazione nella zona industriale Lisert/via Consiglio d'Europa.","FACT_OBSERVED","NEW_INFORMATION","Nessuna DEC corrente specifica su Monfalcone","Verificato da APT/NAHV.","YES","APT EcoMove: https://www.aptgorizia.it/gli-impianti-apt-ecomove/ ; NAHV catalogue","Registrare con fonte e data; eventuale geometria richiede dato geospaziale ufficiale se usata nel modello.","NO","CONTEXT_DATA",""
"RC-103","Monfalcone Lisert","produzione fino a 400 kg H2/giorno","Il progetto pubblica capacità di produzione giornaliera fino a 400 kg H2.","FACT_OBSERVED","NEW_INFORMATION","Nessuna DEC corrente specifica su Monfalcone","Verificato nel catalogo NAHV 2025.","YES","NAHV Testbed Catalogue May 2025: https://www.nahv.eu/wp-content/uploads/2025/05/NAHV-testbeds-catalogue-may-2025.pdf","Integrare come dato tecnico verificato con caveat: produzione non equivale automaticamente a capacità cumulativa di rifornimento AFIR.","NO","H2_CONTEXT",""
"RC-104","Monfalcone Lisert","due erogatori 350 bar ... uno 700 bar","Il progetto prevede due dispenser 350 bar per bus e uno 700 bar per veicoli.","FACT_OBSERVED","NEW_INFORMATION","Nessuna DEC corrente specifica su Monfalcone","Verificato nel catalogo NAHV e coerente con pagina APT.","YES","NAHV Testbed Catalogue May 2025; APT EcoMove","Integrare come dato tecnico verificato.","NO","H2_CONTEXT",""
"RC-105","Monfalcone Lisert","infrastruttura programmata già nota","La stazione è operativa o già disponibile ai fini della copertura.","FACT_OBSERVED","ADAPT","Nessuna DEC corrente specifica su Monfalcone","Fonti 2025-2026 mostrano cantiere/lavori avanzati; operatività non verificata al 21-09-2026.","YES","Prefettura Gorizia 13-11-2025: https://prefettura.interno.gov.it/it/prefetture/gorizia/notizie/vigilanza-e-tutela-legalita-e-trasparenza-nei-lavori-pubblici ; APT 2026: https://www.aptgorizia.it/apt-news/assemblea-dei-soci-crescita-transizione-ecologica/ ; FVG Energia 2026","Classificare CURRENT_STATUS=UNDER_CONSTRUCTION/ADVANCED_WORKS; re-verificare commissioning prima di ogni uso operativo.","NO","H2_CONTEXT / AFIR","Non chiamarla operativa senza prova aggiornata."
"RC-106","Monfalcone Lisert","possa contare ai fini della copertura richiesta","Monfalcone può essere conteggiata automaticamente come stazione AFIR conforme.","METHODOLOGICAL_CHOICE","ADAPT","DEC-0007/F1-D2; ROADMAP_METODOLOGICA_v2 V2-6","Non dimostrato: 700 bar sì; i 400 kg/giorno sono produzione e sono sotto 1 t/giorno; accessibilità pubblica, commissioning, capacità di rifornimento e posizione/routing TEN-T vanno verificati.","YES","EUR-Lex art. 6; NAHV; APT","Non conteggiare automaticamente come copertura AFIR; creare verifica dedicata e decisione DQ-07/DQ-08 sul ruolo nel configuration contract.","YES","DQ-07/DQ-08 / AFIR_VALIDATION","Non concludere non-compliance: capacità produzione != capacità cumulativa stazione."
"RC-107","Monfalcone Lisert","distinguendo stazione Monfalcone, nuove stazioni del modello e configurazione complessiva","Il modello deve distinguere infrastruttura esistente/programmata dai cinque nuovi Hub e dalla copertura complessiva.","METHODOLOGICAL_CHOICE","KEEP","PROJECT_MODEL_CONTRACT_REBASELINE_v01 §8","Principio di non-confusione coerente; ruolo concreto resta pendente.","YES","APT/NAHV + EUR-Lex","Mantenere questa separazione nel futuro configuration contract.","NO","DQ-07/DQ-08",""
"RC-108","Pipeline Claude","utilizzare una pipeline Claude già esistente e quattro file forniti","La fase successiva dovrà alimentare una pipeline Claude esistente con un pacchetto ripulito.","USER_REQUIREMENT / REQUIREMENT_OF_COMMISSION","NEW_INFORMATION","DISPATCH_CHAT_90.5 §9","Requisito operativo, non scelta metodologica del MODEL_v2.","NO","","Preparare input status-marked; non scrivere ancora il prompt finale.","NO","NEXT_CHAT_INPUT","Questo audit produce solo il pacchetto PROPOSED."
"RC-109","Pipeline Claude","mantenendo separate scelte consolidate dalle assunzioni tecniche","Il prompt futuro deve separare baseline approvata, assunzioni, requisiti pendenti e fatti verificati.","USER_REQUIREMENT / REQUIREMENT_OF_COMMISSION","KEEP","PROJECT_MODEL_CONTRACT_REBASELINE_v01 §9-10; project governance principles","","NO","","Mantenere come requisito del pacchetto Claude.","NO","NEXT_CHAT_INPUT",""
"RC-110","Pipeline Claude","Assunzioni, limitazioni e requisiti non valutabili ... output finali","Gli output futuri devono dichiarare assunzioni, limitazioni e requisiti non valutabili.","USER_REQUIREMENT / REQUIREMENT_OF_COMMISSION","KEEP","PROJECT_MODEL_CONTRACT_REBASELINE_v01 §10-11; ROADMAP_METODOLOGICA_v2 V2-8/V2-9","","NO","","Mantenere.","NO","REPORTING",""
"RC-111","Stralcio A - universo","gestione contiguità, merge e split","Le regole geometriche sono ancora da definire ex novo.","METHODOLOGICAL_CHOICE","SUPERSEDED","DEC-0065; CANDIDATE_UNIVERSE_CONTRACT_v01 §7-9","DQ-01 ha già definito split multipart, no dissolve generalizzato e canonicalizzazione per identità/lineage.","NO","","Usare il contratto DQ-01, non riaprire il tema nello stralcio.","NO","V2-1",""
"RC-112","Stralcio B - AFIR","10 km H2 / 200 km core / 10 km tra Hub","Lo stralcio ripete i requisiti AFIR e il requisito 10 km tra Hub.","EDITORIAL_DESCRIPTION","DUPLICATE","RC-018, RC-021, RC-025","Nessun contenuto aggiuntivo rispetto ai claim già atomizzati.","YES","EUR-Lex per AFIR","Non duplicare nel pacchetto; rinviare ai claim canonici.","NO","DOCUMENT_CLEANUP",""
"RC-113","Stralcio C - Monfalcone","400 kg; 2x350; 1x700","Lo stralcio ripete i dati tecnici Monfalcone.","EDITORIAL_DESCRIPTION","DUPLICATE","RC-103, RC-104","Nessun contenuto aggiuntivo.","YES","NAHV Testbed Catalogue May 2025","Non duplicare; usare i claim verificati canonici.","NO","DOCUMENT_CLEANUP",""
"RC-114","Stralcio A - scoring","pesi 1-5, min-max, somma pesata","Lo stralcio riassume la proposta di scoring.","EDITORIAL_DESCRIPTION","DUPLICATE","RC-078, RC-079, RC-080","Già separato in tre decisioni metodologiche atomiche.","NO","","Non importare in blocco come metodologia corrente.","YES","DQ-04…DQ-06",""
